ZONE,District,labour_beds_2022,labour_beds_2040
1,AL SAADIYAT ISLAND,0,0
2,AL SAADIYAT ISLAND,0,0
3,AL SAADIYAT ISLAND,0,0
4,AL SAADIYAT ISLAND,0,0
5,AL SAADIYAT ISLAND,0,0
6,AL SAADIYAT ISLAND,0,0
7,AL SAADIYAT ISLAND,0,0
8,AL SAADIYAT ISLAND,0,0
9,AL SAADIYAT ISLAND,0,0
10,AL SAADIYAT ISLAND,0,0
11,AL SAADIYAT ISLAND,20000,20000
12,AL SAADIYAT ISLAND,0,0
13,AL SAADIYAT ISLAND,0,0
14,AL SAADIYAT ISLAND,0,0
15,AL SAADIYAT ISLAND,0,0
16,AL SAADIYAT ISLAND,0,0
17,AL SAADIYAT ISLAND,0,0
18,AL SAADIYAT ISLAND,0,0
19,AL SAADIYAT ISLAND,0,0
20,AL SAADIYAT ISLAND,0,0
21,AL SAADIYAT ISLAND,0,0
22,AL SAADIYAT ISLAND,0,0
23,AL SAADIYAT ISLAND,0,0
24,AL SAADIYAT ISLAND,0,0
25,AL SAADIYAT ISLAND,0,0
26,AL SAADIYAT ISLAND,0,0
27,AL SAADIYAT ISLAND,0,0
28,AL SAADIYAT ISLAND,0,0
29,AL SAADIYAT ISLAND,0,0
30,AL SAADIYAT ISLAND,0,0
31,AL SAADIYAT ISLAND,0,0
32,AL SAADIYAT ISLAND,0,0
33,AL SAADIYAT ISLAND,0,0
34,AL SAADIYAT ISLAND,0,0
35,AL SAADIYAT ISLAND,0,0
36,AL SAADIYAT ISLAND,0,0
37,AL SAADIYAT ISLAND,0,0
38,AL SAADIYAT ISLAND,0,0
39,AL SAADIYAT ISLAND,0,0
40,AL SAADIYAT ISLAND,0,0
41,AL SAADIYAT ISLAND,0,0
42,AL SAADIYAT ISLAND,0,0
43,AL SAADIYAT ISLAND,0,0
44,AL SAADIYAT ISLAND,0,0
45,AL SAADIYAT ISLAND,0,0
46,AL SAADIYAT ISLAND,0,0
47,AL SAADIYAT ISLAND,0,0
48,AL SAADIYAT ISLAND,0,0
49,AL SAADIYAT ISLAND,0,0
50,AL SAADIYAT ISLAND,0,0
51,AL SAADIYAT ISLAND,0,0
52,AL SAADIYAT ISLAND,0,0
53,AL SAADIYAT ISLAND,0,0
54,AL SAADIYAT ISLAND,0,0
55,AL SAADIYAT ISLAND,0,0
56,AL SAADIYAT ISLAND,0,0
57,AL SAADIYAT ISLAND,0,0
58,AL SAADIYAT ISLAND,0,0
59,AL SAADIYAT ISLAND,0,0
60,AL SAADIYAT ISLAND,0,0
61,AL SAADIYAT ISLAND,0,0
62,AL SAADIYAT ISLAND,0,0
63,AL SAADIYAT ISLAND,0,0
64,AL SAADIYAT ISLAND,0,0
65,AL SAADIYAT ISLAND,0,0
66,AL SAADIYAT ISLAND,0,0
67,AL SAADIYAT ISLAND,0,0
68,AL SAADIYAT ISLAND,0,0
69,AL SAADIYAT ISLAND,0,0
70,AL SAADIYAT ISLAND,0,0
71,AL SAADIYAT ISLAND,0,0
72,AL SAADIYAT ISLAND,0,0
73,AL SAADIYAT ISLAND,0,0
74,AL SAADIYAT ISLAND,0,0
75,AL SAADIYAT ISLAND,0,0
76,AL SAADIYAT ISLAND,0,0
77,AL SAADIYAT ISLAND,0,0
78,AL SAADIYAT ISLAND,0,0
79,AL SAADIYAT ISLAND,0,0
80,AL SAADIYAT ISLAND,0,0
81,AL SAADIYAT ISLAND,0,0
82,AL SAADIYAT ISLAND,0,0
83,AL SAADIYAT ISLAND,0,0
84,AL SAADIYAT ISLAND,0,0
85,AL SAADIYAT ISLAND,0,0
86,AL SAADIYAT ISLAND,0,0
87,AL SAADIYAT ISLAND,0,0
88,AL SAADIYAT ISLAND,0,0
89,AL SAADIYAT ISLAND,0,0
90,AL SAADIYAT ISLAND,0,0
91,AL SAADIYAT ISLAND,0,0
92,AL KHEERAN,0,0
93,UM YIFEENAH ISLAND,0,0
94,UM YIFEENAH ISLAND,0,0
95,BILRIMAID ISLAND,0,0
96,SAS AL NAKHL,0,0
97,SAS AL NAKHL,0,0
98,AL SAMMALIYYAH ISLAND,0,0
99,AL MARYAH ISLAND,0,0
100,AL MARYAH ISLAND,0,0
101,AL MARYAH ISLAND,0,0
102,AL MARYAH ISLAND,0,0
103,AL MARYAH ISLAND,0,0
104,AL MARYAH ISLAND,0,0
105,AL MARYAH ISLAND,0,0
106,AL MARYAH ISLAND,0,0
107,AL MARYAH ISLAND,0,0
108,AL MARYAH ISLAND,0,0
109,AL MARYAH ISLAND,0,0
110,AL MARYAH ISLAND,0,0
111,AL MARYAH ISLAND,0,0
112,AL MARYAH ISLAND,0,0
113,AL MARYAH ISLAND,0,0
114,AL MARYAH ISLAND,0,0
115,AL MARYAH ISLAND,0,0
116,AL LULU ISLAND,0,0
117,AL LULU ISLAND,0,0
118,AL LULU ISLAND,0,0
119,AL LULU ISLAND,0,0
120,AL LULU ISLAND,0,0
121,AL LULU ISLAND,0,0
122,AL LULU ISLAND,0,0
123,AL LULU ISLAND,0,0
124,AL LULU ISLAND,0,0
125,AL LULU ISLAND,0,0
126,AL LULU ISLAND,0,0
127,AL LULU ISLAND,0,0
128,AL LULU ISLAND,0,0
129,AL LULU ISLAND,0,0
130,AL LULU ISLAND,0,0
131,AL LULU ISLAND,0,0
132,AL LULU ISLAND,0,0
133,AL LULU ISLAND,0,0
134,AL LULU ISLAND,0,0
135,AL LULU ISLAND,0,0
136,AL LULU ISLAND,0,0
137,AL LULU ISLAND,0,0
138,AL HIDAYRIYYAT,0,0
139,AL HIDAYRIYYAT,0,0
140,AL HIDAYRIYYAT,0,0
141,AL HIDAYRIYYAT,0,0
142,AL HIDAYRIYYAT,0,0
143,AL HIDAYRIYYAT,0,0
144,AL HIDAYRIYYAT,0,0
145,AL HIDAYRIYYAT,0,0
146,AL HIDAYRIYYAT,0,0
147,AL HIDAYRIYYAT,0,0
148,AL HIDAYRIYYAT,0,0
149,AL HIDAYRIYYAT,0,0
150,AL HIDAYRIYYAT,0,0
151,AL HIDAYRIYYAT,0,0
152,AL HIDAYRIYYAT,0,0
153,AL HIDAYRIYYAT,0,0
154,AL HIDAYRIYYAT,0,0
155,AL HIDAYRIYYAT,0,0
156,AL HIDAYRIYYAT,0,0
157,AL HIDAYRIYYAT,0,0
158,AL HIDAYRIYYAT,0,0
159,AL HIDAYRIYYAT,0,0
160,AL HIDAYRIYYAT,0,0
161,AL HIDAYRIYYAT,0,0
162,AL HIDAYRIYYAT,0,0
163,AL HIDAYRIYYAT,0,0
164,AL HIDAYRIYYAT,0,0
165,AL HIDAYRIYYAT,0,0
166,AL REEM ISLAND,0,0
167,AL REEM ISLAND,0,0
168,AL REEM ISLAND,0,0
169,AL REEM ISLAND,0,0
170,AL REEM ISLAND,0,0
171,AL REEM ISLAND,0,0
172,AL REEM ISLAND,0,0
173,AL REEM ISLAND,0,0
174,AL REEM ISLAND,0,0
175,AL REEM ISLAND,0,0
176,AL REEM ISLAND,4000,4000
177,AL REEM ISLAND,0,0
178,AL REEM ISLAND,0,0
179,AL REEM ISLAND,0,0
180,AL REEM ISLAND,0,0
181,AL REEM ISLAND,0,0
182,AL REEM ISLAND,0,0
183,AL REEM ISLAND,0,0
184,AL REEM ISLAND,0,0
185,AL REEM ISLAND,0,0
186,AL REEM ISLAND,0,0
187,AL REEM ISLAND,0,0
188,AL REEM ISLAND,0,0
189,AL REEM ISLAND,0,0
190,AL REEM ISLAND,0,0
191,AL REEM ISLAND,0,0
192,AL REEM ISLAND,0,0
193,AL REEM ISLAND,0,0
194,AL REEM ISLAND,0,0
195,AL REEM ISLAND,0,0
196,AL REEM ISLAND,0,0
197,AL REEM ISLAND,0,0
198,AL REEM ISLAND,0,0
199,AL REEM ISLAND,0,0
200,AL REEM ISLAND,0,0
201,AL REEM ISLAND,0,0
202,AL REEM ISLAND,0,0
203,AL REEM ISLAND,0,0
204,AL REEM ISLAND,0,0
205,AL REEM ISLAND,0,0
206,AL REEM ISLAND,0,0
207,AL REEM ISLAND,0,0
208,AL REEM ISLAND,0,0
209,AL REEM ISLAND,0,0
210,AL REEM ISLAND,0,0
211,AL REEM ISLAND,0,0
212,AL REEM ISLAND,0,0
213,AL REEM ISLAND,0,0
214,AL REEM ISLAND,0,0
215,AL REEM ISLAND,0,0
216,AL REEM ISLAND,0,0
217,AL REEM ISLAND,0,0
218,AL REEM ISLAND,0,0
219,AL REEM ISLAND,0,0
220,AL REEM ISLAND,0,0
221,AL REEM ISLAND,0,0
222,AL REEM ISLAND,0,0
223,AL REEM ISLAND,0,0
224,AL REEM ISLAND,0,0
225,AL REEM ISLAND,0,0
226,AL REEM ISLAND,0,0
227,AL REEM ISLAND,0,0
228,AL REEM ISLAND,0,0
229,AL REEM ISLAND,0,0
230,AL REEM ISLAND,0,0
231,AL REEM ISLAND,0,0
232,AL REEM ISLAND,0,0
233,AL REEM ISLAND,0,0
234,AL REEM ISLAND,0,0
235,AL REEM ISLAND,0,0
236,AL REEM ISLAND,0,0
237,AL REEM ISLAND,0,0
238,AL REEM ISLAND,0,0
239,AL REEM ISLAND,0,0
240,AL REEM ISLAND,0,0
241,AL REEM ISLAND,0,0
242,AL REEM ISLAND,0,0
243,AL REEM ISLAND,0,0
244,AL REEM ISLAND,0,0
245,AL REEM ISLAND,0,0
246,AL REEM ISLAND,0,0
247,AL REEM ISLAND,0,0
248,AL REEM ISLAND,0,0
249,AL REEM ISLAND,0,0
250,AL REEM ISLAND,0,0
251,AL REEM ISLAND,0,0
252,AL REEM ISLAND,0,0
253,AL REEM ISLAND,0,0
254,AL REEM ISLAND,0,0
255,AL REEM ISLAND,0,0
256,AL REEM ISLAND,0,0
257,AL REEM ISLAND,0,0
258,AL REEM ISLAND,0,0
259,AL REEM ISLAND,0,0
260,AL REEM ISLAND,0,0
261,AL REEM ISLAND,0,0
262,AL HIDAYRIYYAT,0,0
263,AL REEM ISLAND,0,0
264,AL REEM ISLAND,0,0
265,AL REEM ISLAND,0,0
266,AL REEM ISLAND,0,0
267,AL REEM ISLAND,0,0
268,AL REEM ISLAND,0,0
269,AL REEM ISLAND,0,0
270,AL REEM ISLAND,0,0
271,AL REEM ISLAND,0,0
272,AL REEM ISLAND,0,0
273,AL REEM ISLAND,0,0
274,AL REEM ISLAND,0,0
275,AL REEM ISLAND,0,0
276,AL HIDAYRIYYAT,0,0
277,AL REEM ISLAND,0,0
278,AL HIDAYRIYYAT,0,0
279,AL REEM ISLAND,0,0
280,AL REEM ISLAND,0,0
281,AL REEM ISLAND,0,0
282,AL REEM ISLAND,0,0
283,AL REEM ISLAND,0,0
284,AL REEM ISLAND,0,0
285,AL REEM ISLAND,0,0
286,AL REEM ISLAND,0,0
287,AL REEM ISLAND,0,0
288,AL HIDAYRIYYAT,0,0
289,AL REEM ISLAND,0,0
290,AL REEM ISLAND,0,0
291,AL REEM ISLAND,0,0
292,AL REEM ISLAND,0,0
293,AL HIDAYRIYYAT,0,0
294,AL REEM ISLAND,0,0
295,AL REEM ISLAND,0,0
296,AL HIDAYRIYYAT,0,0
297,AL REEM ISLAND,0,0
298,AL REEM ISLAND,0,0
299,AL REEM ISLAND,0,0
300,AL REEM ISLAND,0,0
301,AL REEM ISLAND,0,0
302,AL REEM ISLAND,0,0
303,AL REEM ISLAND,0,0
304,AL REEM ISLAND,0,0
305,AL REEM ISLAND,0,0
306,AL REEM ISLAND,0,0
307,AL REEM ISLAND,0,0
308,AL REEM ISLAND,0,0
309,AL HIDAYRIYYAT,0,0
310,AL REEM ISLAND,0,0
311,AL REEM ISLAND,0,0
312,AL REEM ISLAND,0,0
313,AL REEM ISLAND,0,0
314,AL REEM ISLAND,0,0
315,AL REEM ISLAND,0,0
316,AL REEM ISLAND,0,0
317,AL REEM ISLAND,0,0
318,AL HIDAYRIYYAT,0,0
319,AL REEM ISLAND,0,0
320,AL REEM ISLAND,0,0
321,AL REEM ISLAND,0,0
322,AL REEM ISLAND,0,0
323,AL REEM ISLAND,0,0
324,AL REEM ISLAND,0,0
325,AL HIDAYRIYYAT,0,0
326,AL REEM ISLAND,0,0
327,AL REEM ISLAND,0,0
328,AL REEM ISLAND,0,0
329,AL REEM ISLAND,0,0
330,AL REEM ISLAND,0,0
331,AL REEM ISLAND,0,0
332,AL REEM ISLAND,0,0
333,AL HIDAYRIYYAT,0,0
334,AL REEM ISLAND,0,0
335,AL REEM ISLAND,0,0
336,AL REEM ISLAND,0,0
337,AL REEM ISLAND,0,0
338,AL REEM ISLAND,0,0
339,ZAYED PORT,0,0
340,ZAYED PORT,0,0
341,ZAYED PORT,0,0
342,ZAYED PORT,0,0
343,ZAYED PORT,0,0
344,ZAYED PORT,0,0
345,ZAYED PORT,0,0
346,ZAYED PORT,0,0
347,ZAYED PORT,0,0
348,ZAYED PORT,0,0
349,ZAYED PORT,0,0
350,ZAYED PORT,0,0
351,ZAYED PORT,0,0
352,ZAYED PORT,0,0
353,ZAYED PORT,0,0
354,ZAYED PORT,0,0
355,ZAYED PORT,0,0
356,ZAYED PORT,0,0
357,ZAYED PORT,0,0
358,AL ZAHIYAH,0,0
359,ZAYED PORT,0,0
360,ZAYED PORT,0,0
361,ZAYED PORT,0,0
362,ZAYED PORT,0,0
363,ZAYED PORT,0,0
364,ZAYED PORT,0,0
365,ZAYED PORT,0,0
366,ZAYED PORT,0,0
367,ZAYED PORT,0,0
368,ZAYED PORT,0,0
369,ZAYED PORT,0,0
370,ZAYED PORT,0,0
371,ZAYED PORT,0,0
372,AL KASIR,0,0
373,AL MANHAL,0,0
374,AL MANHAL,0,0
375,AL MANHAL,0,0
376,AL NAHYAN,0,0
377,AL MUSHRIF,0,0
378,AL MANHAL,0,0
379,AL NAHYAN,0,0
380,AL MUSHRIF,0,0
381,AL NAHYAN,0,0
382,AL MANHAL,0,0
383,AL NAHYAN,0,0
384,AL MANHAL,0,0
385,AL MUSHRIF,0,0
386,AL NAHYAN,0,0
387,AL MUSHRIF,0,0
388,AL MANHAL,0,0
389,AL NAHYAN,0,0
390,AL NAHYAN,0,0
391,AL NAHYAN,0,0
392,AL NAHYAN,0,0
393,AL MANHAL,0,0
394,AL NAHYAN,0,0
395,AL NAHYAN,0,0
396,AL NAHYAN,0,0
397,AL NAHYAN,0,0
398,AL MANHAL,0,0
399,AL MUSHRIF,0,0
400,AL MANHAL,0,0
401,AL MUSHRIF,0,0
402,AL MUSHRIF,0,0
403,AL MANHAL,0,0
404,AL NAHYAN,0,0
405,AL NAHYAN,0,0
406,AL MANHAL,0,0
407,AL NAHYAN,0,0
408,AL MANHAL,0,0
409,AL NAHYAN,0,0
410,AL MANHAL,0,0
411,AL MUSHRIF,0,0
412,AL NAHYAN,0,0
413,AL MUSHRIF,0,0
414,AL MUSHRIF,0,0
415,AL KASIR,0,0
416,AL MUSHRIF,0,0
417,AL NAHYAN,0,0
418,AL NAHYAN,0,0
419,AL NAHYAN,0,0
420,AL MUSHRIF,0,0
421,AL NAHYAN,0,0
422,AL MANHAL,0,0
423,AL MANHAL,0,0
424,AL NAHYAN,0,0
425,AL BATEEN,0,0
426,AL BATEEN,0,0
427,AL MANHAL,0,0
428,AL BATEEN,0,0
429,AL MUSHRIF,0,0
430,AL BATEEN,0,0
431,AL BATEEN,0,0
432,AL NAHYAN,0,0
433,AL BATEEN,0,0
434,AL BATEEN,0,0
435,AL BATEEN,0,0
436,AL NAHYAN,0,0
437,AL BATEEN,0,0
438,AL BATEEN,0,0
439,AL BATEEN,0,0
440,AL BATEEN,0,0
441,AL BATEEN,0,0
442,AL BATEEN,0,0
443,AL BATEEN,0,0
444,AL BATEEN,0,0
445,QASR AL BAHR,0,0
446,AL BATEEN,0,0
447,AL BATEEN,0,0
448,AL BATEEN,0,0
449,AL BATEEN,0,0
450,AL MUSHRIF,0,0
451,AL MUSHRIF,0,0
452,AL MUSHRIF,0,0
453,AL MUSHRIF,0,0
454,AL MUSHRIF,0,0
455,AL MUSHRIF,0,0
456,AL MUSHRIF,0,0
457,AL MUSHRIF,0,0
458,AL MUSHRIF,0,0
459,AL MUSHRIF,0,0
460,AL MUSHRIF,0,0
461,HADBAT AL ZA'FARANAH,0,0
462,HADBAT AL ZA'FARANAH,0,0
463,AL QURM,0,0
464,HADBAT AL ZA'FARANAH,0,0
465,AL MUSHRIF,0,0
466,AL MUSHRIF,0,0
467,HADBAT AL ZA'FARANAH,0,0
468,HADBAT AL ZA'FARANAH,0,0
469,AL MUSHRIF,0,0
470,HADBAT AL ZA'FARANAH,0,0
471,AL MUSHRIF,0,0
472,HADBAT AL ZA'FARANAH,0,0
473,HADBAT AL ZA'FARANAH,0,0
474,AL QURM,0,0
475,HADBAT AL ZA'FARANAH,0,0
476,HADBAT AL ZA'FARANAH,0,0
477,AL MUSHRIF,0,0
478,HADBAT AL ZA'FARANAH,0,0
479,AL MUSHRIF,0,0
480,AL MUSHRIF,0,0
481,HADBAT AL ZA'FARANAH,0,0
482,HADBAT AL ZA'FARANAH,0,0
483,HADBAT AL ZA'FARANAH,0,0
484,HADBAT AL ZA'FARANAH,0,0
485,AL MUSHRIF,0,0
486,HADBAT AL ZA'FARANAH,0,0
487,AL MUSHRIF,0,0
488,HADBAT AL ZA'FARANAH,0,0
489,AL QURM,0,0
490,HADBAT AL ZA'FARANAH,0,0
491,HADBAT AL ZA'FARANAH,0,0
492,HADBAT AL ZA'FARANAH,0,0
493,AL QURM,0,0
494,HADBAT AL ZA'FARANAH,0,0
495,AL RAWDAH,0,0
496,AL RAWDAH,0,0
497,AL RAWDAH,0,0
498,AL RAWDAH,0,0
499,AL RAWDAH,0,0
500,AL SA'ADAH,0,0
501,AL SA'ADAH,0,0
502,AL SA'ADAH,0,0
503,AL RAWDAH,0,0
504,AL RAWDAH,0,0
505,AL RAWDAH,0,0
506,AL SA'ADAH,0,0
507,AL MUZOUN,0,0
508,AL SA'ADAH,0,0
509,AL SA'ADAH,0,0
510,AL SA'ADAH,0,0
511,AL MUZOUN,0,0
512,AL RAWDAH,0,0
513,AL SA'ADAH,0,0
514,AL SA'ADAH,0,0
515,AL RAWDAH,0,0
516,AL SA'ADAH,0,0
517,AL SA'ADAH,0,0
518,AL SA'ADAH,0,0
519,AL MUZOUN,0,0
520,AL SA'ADAH,0,0
521,AL SA'ADAH,0,0
522,AL SA'ADAH,0,0
523,AL KHEERAN,0,0
524,AL MUNTAZAH,0,0
525,AL MUNTAZAH,0,0
526,AL KHEERAN,0,0
527,AL SA'ADAH,0,0
528,AL KHEERAN,0,0
529,AL MUNTAZAH,0,0
530,AL RAWDAH,0,0
531,AL RAWDAH,0,0
532,AL RAWDAH,0,0
533,AL RAWDAH,0,0
534,AL MUZOUN,0,0
535,AL RAWDAH,0,0
536,AL RAWDAH,0,0
537,AL MUZOUN,0,0
538,AL RAWDAH,0,0
539,AL RAWDAH,0,0
540,AL RAWDAH,0,0
541,AL RAWDAH,0,0
542,AL RAWDAH,0,0
543,AL RAWDAH,0,0
544,AL ZAHIYAH,0,0
545,AL HISN,0,0
546,AL HISN,0,0
547,AL HISN,0,0
548,AL HISN,0,0
549,AL HISN,0,0
550,AL HISN,0,0
551,AL HISN,0,0
552,AL HISN,0,0
553,AL KHALIDIYAH,0,0
554,AL HISN,0,0
555,AL HISN,0,0
556,AL BATEEN,0,0
557,AL HISN,0,0
558,AL HISN,0,0
559,AL KHALIDIYAH,0,0
560,AL HISN,0,0
561,AL HISN,0,0
562,AL HISN,0,0
563,AL KHALIDIYAH,0,0
564,AL KHALIDIYAH,0,0
565,AL DANAH,0,0
566,AL HISN,0,0
567,AL DANAH,0,0
568,AL DANAH,0,0
569,AL DANAH,0,0
570,AL BATEEN,0,0
571,AL DANAH,0,0
572,AL HISN,0,0
573,AL KHALIDIYAH,0,0
574,AL DANAH,0,0
575,AL MANHAL,0,0
576,AL BATEEN,0,0
577,AL KHALIDIYAH,0,0
578,AL DANAH,0,0
579,AL DANAH,0,0
580,AL DANAH,0,0
581,AL KHALIDIYAH,0,0
582,AL KHALIDIYAH,0,0
583,AL DANAH,0,0
584,AL DANAH,0,0
585,AL DANAH,0,0
586,AL DANAH,0,0
587,AL BATEEN,0,0
588,AL DANAH,0,0
589,AL DANAH,0,0
590,AL BATEEN,0,0
591,AL DANAH,0,0
592,AL DANAH,0,0
593,AL DANAH,0,0
594,AL DANAH,0,0
595,AL DANAH,0,0
596,AL MANHAL,0,0
597,AL KHALIDIYAH,0,0
598,AL BATEEN,0,0
599,AL MANHAL,0,0
600,AL BATEEN,0,0
601,AL BATEEN,0,0
602,AL DANAH,0,0
603,AL DANAH,0,0
604,AL MANHAL,0,0
605,AL BATEEN,0,0
606,AL MANHAL,0,0
607,AL DANAH,0,0
608,AL KHALIDIYAH,0,0
609,AL DANAH,0,0
610,AL DANAH,0,0
611,AL DANAH,0,0
612,AL BATEEN,0,0
613,AL DANAH,0,0
614,AL KHALIDIYAH,0,0
615,AL DANAH,0,0
616,AL DANAH,0,0
617,AL MANHAL,0,0
618,AL BATEEN,0,0
619,AL BATEEN,0,0
620,AL DANAH,0,0
621,AL DANAH,0,0
622,AL DANAH,0,0
623,AL MANHAL,0,0
624,AL BATEEN,0,0
625,AL BATEEN,0,0
626,AL MANHAL,0,0
627,AL DANAH,0,0
628,AL DANAH,0,0
629,AL BATEEN,0,0
630,AL DANAH,0,0
631,AL MANHAL,0,0
632,AL DANAH,0,0
633,AL DANAH,0,0
634,AL DANAH,0,0
635,AL DANAH,0,0
636,AL DANAH,0,0
637,AL KHALIDIYAH,0,0
638,AL KHALIDIYAH,0,0
639,AL DANAH,0,0
640,AL BATEEN,0,0
641,AL BATEEN,0,0
642,AL BATEEN,0,0
643,AL BATEEN,0,0
644,AL DANAH,0,0
645,AL BATEEN,0,0
646,AL DANAH,0,0
647,AL DANAH,0,0
648,AL DANAH,0,0
649,AL DANAH,0,0
650,AL DANAH,0,0
651,AL DANAH,0,0
652,AL BATEEN,0,0
653,AL DANAH,0,0
654,AL DANAH,0,0
655,AL DANAH,0,0
656,AL DANAH,0,0
657,AL DANAH,0,0
658,AL BATEEN,0,0
659,AL DANAH,0,0
660,AL DANAH,0,0
661,AL DANAH,0,0
662,AL DANAH,0,0
663,AL BATEEN,0,0
664,AL NAHYAN,0,0
665,AL DANAH,0,0
666,AL DANAH,0,0
667,AL BATEEN,0,0
668,AL BATEEN,0,0
669,AL DANAH,0,0
670,AL DANAH,0,0
671,AL DANAH,0,0
672,AL BATEEN,0,0
673,AL DANAH,0,0
674,AL DANAH,0,0
675,AL BATEEN,0,0
676,AL DANAH,0,0
677,AL ZAHIYAH,0,0
678,AL ZAHIYAH,0,0
679,AL DANAH,0,0
680,AL BATEEN,0,0
681,AL DANAH,0,0
682,AL BATEEN,0,0
683,AL DANAH,0,0
684,AL RAS AL AKHDAR,0,0
685,AL ZAHIYAH,0,0
686,AL ZAHIYAH,0,0
687,AL ZAHIYAH,0,0
688,AL BATEEN,0,0
689,AL DANAH,0,0
690,AL DANAH,0,0
691,AL ZAHIYAH,0,0
692,AL ZAHIYAH,0,0
693,AL ZAHIYAH,0,0
694,AL ZAHIYAH,0,0
695,AL BATEEN,0,0
696,AL ZAHIYAH,0,0
697,AL DANAH,0,0
698,AL ZAHIYAH,0,0
699,AL DANAH,0,0
700,AL ZAHIYAH,0,0
701,AL ZAHIYAH,0,0
702,AL ZAHIYAH,0,0
703,AL DANAH,0,0
704,AL ZAHIYAH,0,0
705,AL ZAHIYAH,0,0
706,AL DANAH,0,0
707,AL ZAHIYAH,0,0
708,AL ZAHIYAH,0,0
709,AL ZAHIYAH,0,0
710,AL ZAHIYAH,0,0
711,AL ZAHIYAH,0,0
712,AL ZAHIYAH,0,0
713,AL ZAHIYAH,0,0
714,AL RAS AL AKHDAR,0,0
715,AL ZAHIYAH,0,0
716,ZAYED PORT,0,0
717,ZAYED PORT,0,0
718,RABDAN,0,0
719,RABDAN,0,0
720,RABDAN,0,0
721,KHALIFA CITY,0,0
722,RABDAN,0,0
723,RABDAN,0,0
724,RABDAN,0,0
725,RABDAN,0,0
726,SAS AL NAKHL,0,0
727,RABDAN,0,0
728,KHALIFA CITY,0,0
729,SAS AL NAKHL,0,0
730,KHALIFA CITY,0,0
731,SAS AL NAKHL,0,0
732,RABDAN,0,0
733,RABDAN,0,0
734,MOHAMED BIN ZAYED CITY,0,0
735,MOHAMED BIN ZAYED CITY,0,0
736,MOHAMED BIN ZAYED CITY,0,0
737,MOHAMED BIN ZAYED CITY,0,0
738,MOHAMED BIN ZAYED CITY,0,0
739,MOHAMED BIN ZAYED CITY,0,0
740,MOHAMED BIN ZAYED CITY,0,0
741,MOHAMED BIN ZAYED CITY,0,0
742,MOHAMED BIN ZAYED CITY,0,0
743,MOHAMED BIN ZAYED CITY,0,0
744,MOHAMED BIN ZAYED CITY,0,0
745,MOHAMED BIN ZAYED CITY,0,0
746,MOHAMED BIN ZAYED CITY,0,0
747,MOHAMED BIN ZAYED CITY,0,0
748,MOHAMED BIN ZAYED CITY,0,0
749,MOHAMED BIN ZAYED CITY,0,0
750,MOHAMED BIN ZAYED CITY,0,0
751,MOHAMED BIN ZAYED CITY,0,0
752,MOHAMED BIN ZAYED CITY,0,0
753,MOHAMED BIN ZAYED CITY,0,0
754,MOHAMED BIN ZAYED CITY,0,0
755,MOHAMED BIN ZAYED CITY,0,0
756,MOHAMED BIN ZAYED CITY,0,0
757,MOHAMED BIN ZAYED CITY,0,0
758,MOHAMED BIN ZAYED CITY,0,0
759,MOHAMED BIN ZAYED CITY,0,0
760,MOHAMED BIN ZAYED CITY,0,0
761,MOHAMED BIN ZAYED CITY,0,0
762,MOHAMED BIN ZAYED CITY,0,0
763,MOHAMED BIN ZAYED CITY,0,0
764,MOHAMED BIN ZAYED CITY,0,0
765,MOHAMED BIN ZAYED CITY,0,0
766,MOHAMED BIN ZAYED CITY,0,0
767,MOHAMED BIN ZAYED CITY,0,0
768,MOHAMED BIN ZAYED CITY,0,0
769,MOHAMED BIN ZAYED CITY,0,0
770,MOHAMED BIN ZAYED CITY,0,0
771,MOHAMED BIN ZAYED CITY,0,0
772,MOHAMED BIN ZAYED CITY,0,0
773,MOHAMED BIN ZAYED CITY,0,0
774,MOHAMED BIN ZAYED CITY,0,0
775,MOHAMED BIN ZAYED CITY,0,0
776,MOHAMED BIN ZAYED CITY,0,0
777,MOHAMED BIN ZAYED CITY,0,0
778,MOHAMED BIN ZAYED CITY,0,0
779,MOHAMED BIN ZAYED CITY,0,0
780,MOHAMED BIN ZAYED CITY,0,0
781,MOHAMED BIN ZAYED CITY,0,0
782,MOHAMED BIN ZAYED CITY,0,0
783,MOHAMED BIN ZAYED CITY,0,0
784,MOHAMED BIN ZAYED CITY,0,0
785,MOHAMED BIN ZAYED CITY,0,0
786,ABU DHABI INDUSTRIAL CITY,0,0
787,ABU DHABI INDUSTRIAL CITY,0,0
788,MUSAFFAH,13385,13535
789,ABU DHABI INDUSTRIAL CITY,6000,6000
790,ABU DHABI INDUSTRIAL CITY,0,0
791,ABU DHABI INDUSTRIAL CITY,0,1864
792,MUSAFFAH,0,39
793,ABU DHABI INDUSTRIAL CITY,0,329
794,ABU DHABI INDUSTRIAL CITY,0,0
795,ABU DHABI INDUSTRIAL CITY,0,0
796,ABU DHABI INDUSTRIAL CITY,0,67
797,ABU DHABI INDUSTRIAL CITY,0,1957
798,ABU DHABI INDUSTRIAL CITY,0,0
799,ABU DHABI INDUSTRIAL CITY,0,4281
800,MUSAFFAH,0,0
801,ABU DHABI INDUSTRIAL CITY,10368,10368
802,ABU DHABI INDUSTRIAL CITY,0,0
803,ABU DHABI INDUSTRIAL CITY,0,1831
804,MUSAFFAH,0,0
805,ABU DHABI INDUSTRIAL CITY,58000,84806
806,ABU DHABI INDUSTRIAL CITY,0,10000
807,MUSAFFAH,0,0
808,ABU DHABI INDUSTRIAL CITY,0,2252
809,ABU DHABI INDUSTRIAL CITY,0,0
810,MUSAFFAH,25000,25000
811,MUSAFFAH,0,75
812,MUSAFFAH,0,0
813,MUSAFFAH,0,2223
814,ABU DHABI INDUSTRIAL CITY,0,2
815,MUSAFFAH,0,1
816,MUSAFFAH,0,0
817,MUSAFFAH,0,2126
818,MUSAFFAH,0,0
819,ABU DHABI INDUSTRIAL CITY,0,47
820,MUSAFFAH,0,0
821,MUSAFFAH,0,0
822,MUSAFFAH,0,0
823,MUSAFFAH,10000,14723
824,ABU DHABI INDUSTRIAL CITY,0,0
825,MUSAFFAH,0,1215
826,MUSAFFAH,0,0
827,MUSAFFAH,0,0
828,MUSAFFAH,0,5817
829,MUSAFFAH,0,0
830,MUSAFFAH,0,0
831,MUSAFFAH,0,321
832,MUSAFFAH,0,383
833,MUSAFFAH,0,0
834,MUSAFFAH,0,0
835,MUSAFFAH,0,0
836,MUSAFFAH,0,39
837,MUSAFFAH,0,1016
838,MUSAFFAH,0,183
839,MUSAFFAH,0,0
840,MUSAFFAH,0,4837
841,MUSAFFAH,0,2
842,MUSAFFAH,0,0
843,MUSAFFAH,0,0
844,MUSAFFAH,0,107
845,MUSAFFAH,0,73
846,MUSAFFAH,0,20
847,MUSAFFAH,24000,40520
848,MUSAFFAH,0,1177
849,MUSAFFAH,0,39
850,MUSAFFAH,0,1163
851,MUSAFFAH,0,0
852,MUSAFFAH,0,0
853,MUSAFFAH,0,922
854,MUSAFFAH,0,0
855,MUSAFFAH,0,0
856,MUSAFFAH,0,0
857,MUSAFFAH,0,0
858,MUSAFFAH,0,0
859,MUSAFFAH,0,1
860,MUSAFFAH,0,0
861,MUSAFFAH,0,0
862,MUSAFFAH,0,0
863,KHALIFA CITY,0,0
864,AL RAHAH,0,0
865,AL RAHAH,0,0
866,AL RAHAH,0,0
867,AL RAHAH,0,0
868,AL RAHAH,0,0
869,AL RAHAH,0,0
870,AL RAHAH,0,0
871,KHALIFA CITY,0,0
872,AL RAHAH,0,0
873,AL RAHAH,0,0
874,AL RAHAH,0,0
875,KHALIFA CITY,0,0
876,AL RAHAH,0,0
877,AL RAHAH,0,0
878,AL RAHAH,0,0
879,AL RAHAH,0,0
880,AL RAHAH,0,0
881,AL RAHAH,0,0
882,AL RAHAH,0,0
883,KHALIFA CITY,0,0
884,AL RAHAH,0,0
885,AL RAHAH,0,0
886,AL RAHAH,0,0
887,KHALIFA CITY,0,0
888,AL RAHAH,0,0
889,AL RAHAH,0,0
890,KHALIFA CITY,0,0
891,KHALIFA CITY,0,0
892,KHALIFA CITY,0,0
893,KHALIFA CITY,0,0
894,KHALIFA CITY,0,0
895,KHALIFA CITY,0,0
896,KHALIFA CITY,0,0
897,KHALIFA CITY,0,0
898,KHALIFA CITY,0,0
899,KHALIFA CITY,0,0
900,KHALIFA CITY,0,0
901,KHALIFA CITY,0,0
902,KHALIFA CITY,0,0
903,KHALIFA CITY,0,0
904,KHALIFA CITY,0,0
905,KHALIFA CITY,0,0
906,KHALIFA CITY,0,0
907,KHALIFA CITY,0,0
908,KHALIFA CITY,0,0
909,KHALIFA CITY,0,0
910,KHALIFA CITY,0,0
911,KHALIFA CITY,0,0
912,KHALIFA CITY,0,0
913,KHALIFA CITY,0,0
914,KHALIFA CITY,0,0
915,KHALIFA CITY,0,0
916,KHALIFA CITY,0,0
917,KHALIFA CITY,0,0
918,KHALIFA CITY,0,0
919,KHALIFA CITY,0,0
920,KHALIFA CITY,0,0
921,KHALIFA CITY,0,0
922,KHALIFA CITY,0,0
923,KHALIFA CITY,0,0
924,KHALIFA CITY,0,0
925,KHALIFA CITY,0,0
926,KHALIFA CITY,0,0
927,KHALIFA CITY,0,0
928,KHALIFA CITY,0,0
929,KHALIFA CITY,0,0
930,KHALIFA CITY,0,0
931,KHALIFA CITY,0,0
932,KHALIFA CITY,0,0
933,KHALIFA CITY,0,0
934,KHALIFA CITY,0,0
935,KHALIFA CITY,0,0
936,KHALIFA CITY,0,0
937,KHALIFA CITY,0,0
938,KHALIFA CITY,0,0
939,KHALIFA CITY,0,0
940,KHALIFA CITY,0,0
941,KHALIFA CITY,0,0
942,KHALIFA CITY,0,0
943,KHALIFA CITY,0,0
944,KHALIFA CITY,0,0
945,ZAYED CITY,0,0
946,ZAYED CITY,0,0
947,ZAYED CITY,0,0
948,ZAYED CITY,0,0
949,ZAYED CITY,0,0
950,ZAYED CITY,0,0
951,ZAYED CITY,0,0
952,ZAYED CITY,0,0
953,ZAYED CITY,0,0
954,ZAYED CITY,0,0
955,ZAYED CITY,0,0
956,ZAYED CITY,0,0
957,ZAYED CITY,0,0
958,ZAYED CITY,0,0
959,ZAYED CITY,0,0
960,ZAYED CITY,0,0
961,ZAYED CITY,0,0
962,ZAYED CITY,0,0
963,ZAYED CITY,0,0
964,ZAYED CITY,0,0
965,ZAYED CITY,0,0
966,ZAYED CITY,0,0
967,ZAYED CITY,0,0
968,ZAYED CITY,0,0
969,ZAYED CITY,0,0
970,ZAYED CITY,0,0
971,ZAYED CITY,0,0
972,ZAYED CITY,0,0
973,ZAYED CITY,0,0
974,ZAYED CITY,0,0
975,ZAYED CITY,0,0
976,ZAYED CITY,0,0
977,ZAYED CITY,0,0
978,ZAYED CITY,0,0
979,ZAYED CITY,0,0
980,ZAYED CITY,0,0
981,ZAYED CITY,0,0
982,ZAYED CITY,0,0
983,AL MATAR,0,0
984,AL MATAR,0,0
985,AL MATAR,0,0
986,AL RAHAH,0,0
987,AL REEF,0,0
988,KHALIFA CITY,0,0
989,KHALIFA CITY,0,0
990,AL MATAR,0,0
991,AL REEF,0,0
992,YAS ISLAND,0,0
993,YAS ISLAND,0,0
994,YAS ISLAND,0,0
995,YAS ISLAND,0,0
996,YAS ISLAND,0,0
997,YAS ISLAND,0,0
998,YAS ISLAND,0,0
999,YAS ISLAND,0,0
1000,YAS ISLAND,0,0
1001,YAS ISLAND,0,0
1002,YAS ISLAND,0,0
1003,YAS ISLAND,0,0
1004,YAS ISLAND,0,0
1005,YAS ISLAND,0,0
1006,YAS ISLAND,0,0
1007,YAS ISLAND,0,0
1008,YAS ISLAND,0,0
1009,YAS ISLAND,0,0
1010,YAS ISLAND,0,0
1011,YAS ISLAND,0,0
1012,YAS ISLAND,0,0
1013,YAS ISLAND,0,0
1014,YAS ISLAND,0,0
1015,YAS ISLAND,0,0
1016,YAS ISLAND,0,0
1017,AL BAHYAH,0,0
1018,AL BAHYAH,0,0
1019,AL BAHYAH,0,0
1020,AL BAHYAH,0,0
1021,AL BAHYAH,0,0
1022,AL BAHYAH,0,0
1023,AL BAHYAH,0,0
1024,AL BAHYAH,0,0
1025,AL BAHYAH,0,0
1026,AL SHAHAMAH,0,0
1027,AL BAHYAH,0,0
1028,AL SHAHAMAH,0,0
1029,RAWDAT AL REEF,0,0
1030,AL BAHYAH,0,0
1031,AL BAHYAH,0,0
1032,RAWDAT AL REEF,0,0
1033,AL BAHYAH,0,0
1034,AL SHAHAMAH,0,0
1035,AL RAHBAH,0,0
1036,AL RAHBAH,0,0
1037,AL BAHYAH,0,0
1038,AL SHAHAMAH,0,0
1039,AL BAHYAH,0,0
1040,AL SADER,0,0
1041,AL SAMHAH,0,0
1042,AL SADER,0,0
1043,AL RAHBAH,0,0
1044,AL SAMHAH,0,0
1045,AL BAHYAH,0,0
1046,AL RAHBAH,0,0
1047,AL SAMHAH,0,0
1048,AL RAHBAH,0,0
1049,AL SADER,0,0
1050,AL RAHBAH,0,0
1051,AL TAWEELAH,0,0
1052,AL TAWEELAH,0,6479
1053,AL SADER,0,0
1054,AL SAMHAH,0,1406
1055,AL SAMHAH,0,2849
1056,AL SAMHAH,0,1129
1057,AL SAMHAH,0,307
1058,AL SAMHAH,0,0
1059,AL SAMHAH,0,0
1060,AL SAMHAH,0,3827
1061,AL SAMHAH,0,93
1062,SHAKHBOUT CITY,0,0
1063,SHAKHBOUT CITY,0,0
1064,SHAKHBOUT CITY,0,0
1065,SHAKHBOUT CITY,0,0
1066,SHAKHBOUT CITY,0,0
1067,SHAKHBOUT CITY,0,0
1068,SHAKHBOUT CITY,0,0
1069,SHAKHBOUT CITY,0,0
1070,SHAKHBOUT CITY,0,0
1071,SHAKHBOUT CITY,0,0
1072,SHAKHBOUT CITY,0,0
1073,MADINAT AL RIYAD,0,0
1074,AL SHAMKHAH,0,0
1075,MADINAT AL RIYAD,0,0
1076,MADINAT AL RIYAD,0,0
1077,MADINAT AL RIYAD,0,0
1078,MADINAT AL RIYAD,0,0
1079,MADINAT AL RIYAD,0,0
1080,MADINAT AL RIYAD,0,0
1081,MADINAT AL RIYAD,0,0
1082,AL SHAMKHAH,0,0
1083,AL SHAMKHAH,0,0
1084,MADINAT AL RIYAD,0,0
1085,MADINAT AL RIYAD,0,0
1086,MADINAT AL RIYAD,0,0
1087,MADINAT AL RIYAD,0,0
1088,MADINAT AL RIYAD,0,0
1089,AL SHAMKHAH,0,0
1090,AL SHAMKHAH,0,0
1091,MADINAT AL RIYAD,0,0
1092,MADINAT AL RIYAD,0,0
1093,MADINAT AL RIYAD,0,0
1094,MADINAT AL RIYAD,0,0
1095,MADINAT AL RIYAD,0,0
1096,MADINAT AL RIYAD,0,0
1097,MADINAT AL RIYAD,0,0
1098,AL SHAWAMEKH,0,0
1099,MADINAT AL RIYAD,0,0
1100,AL SHAMKHAH,0,0
1101,MADINAT AL RIYAD,0,0
1102,MADINAT AL RIYAD,0,0
1103,MADINAT AL RIYAD,0,0
1104,AL SHAWAMEKH,0,0
1105,MADINAT AL RIYAD,0,0
1106,MADINAT AL RIYAD,0,0
1107,MADINAT AL RIYAD,0,0
1108,MADINAT AL RIYAD,0,0
1109,MADINAT AL RIYAD,0,0
1110,MADINAT AL RIYAD,0,0
1111,MADINAT AL RIYAD,0,0
1112,MADINAT AL RIYAD,0,0
1113,MADINAT AL RIYAD,0,0
1114,MADINAT AL RIYAD,0,0
1115,MADINAT AL RIYAD,0,0
1116,MADINAT AL RIYAD,0,0
1117,MADINAT AL RIYAD,0,0
1118,MADINAT AL RIYAD,0,0
1119,MADINAT AL RIYAD,0,0
1120,MADINAT AL RIYAD,0,0
1121,MADINAT AL RIYAD,0,0
1122,MADINAT AL RIYAD,0,0
1123,MADINAT AL RIYAD,0,0
1124,MADINAT AL RIYAD,0,0
1125,MADINAT AL RIYAD,0,0
1126,MADINAT AL RIYAD,0,0
1127,MADINAT AL RIYAD,0,0
1128,AL SHAMKHAH,0,0
1129,MADINAT AL RIYAD,0,0
1130,MADINAT AL RIYAD,0,0
1131,MADINAT AL RIYAD,0,0
1132,AL SHAWAMEKH,0,0
1133,MADINAT AL RIYAD,0,0
1134,MADINAT AL RIYAD,0,0
1135,MADINAT AL RIYAD,0,0
1136,MADINAT AL RIYAD,0,0
1137,AL SHAMKHAH,0,0
1138,MADINAT AL RIYAD,0,0
1139,MADINAT AL RIYAD,0,0
1140,AL SHAMKHAH,0,0
1141,MADINAT AL RIYAD,0,0
1142,MADINAT AL RIYAD,0,0
1143,MADINAT AL RIYAD,0,0
1144,MADINAT AL RIYAD,0,0
1145,MADINAT AL RIYAD,0,0
1146,MADINAT AL RIYAD,0,0
1147,MADINAT AL RIYAD,0,0
1148,MADINAT AL RIYAD,0,0
1149,MADINAT AL RIYAD,0,0
1150,MADINAT AL RIYAD,0,0
1151,MADINAT AL RIYAD,0,0
1152,MADINAT AL RIYAD,0,0
1153,MADINAT AL RIYAD,0,0
1154,MADINAT AL RIYAD,0,0
1155,MADINAT AL RIYAD,0,0
1156,MADINAT AL RIYAD,0,0
1157,MADINAT AL RIYAD,0,0
1158,MADINAT AL RIYAD,0,0
1159,MADINAT AL RIYAD,0,0
1160,MADINAT AL RIYAD,0,0
1161,MADINAT AL RIYAD,0,0
1162,MADINAT AL RIYAD,0,0
1163,MADINAT AL RIYAD,0,0
1164,MADINAT AL RIYAD,0,0
1165,MADINAT AL RIYAD,0,0
1166,MADINAT AL RIYAD,0,0
1167,MADINAT AL RIYAD,0,0
1168,MADINAT AL RIYAD,0,0
1169,MADINAT AL RIYAD,0,0
1170,MADINAT AL RIYAD,0,0
1171,MADINAT AL RIYAD,0,0
1172,MADINAT AL RIYAD,0,0
1173,AL SHAMKHAH,0,0
1174,MADINAT AL RIYAD,0,0
1175,MADINAT AL RIYAD,0,0
1176,AL SHAWAMEKH,0,0
1177,MADINAT AL RIYAD,0,0
1178,MADINAT AL RIYAD,0,0
1179,MADINAT AL RIYAD,0,0
1180,AL SHAMKHAH,0,0
1181,MADINAT AL RIYAD,0,0
1182,AL SHAWAMEKH,0,0
1183,MADINAT AL RIYAD,0,0
1184,MADINAT AL RIYAD,0,0
1185,MADINAT AL RIYAD,0,0
1186,MADINAT AL RIYAD,0,0
1187,AL SHAMKHAH,0,0
1188,MADINAT AL RIYAD,0,0
1189,AL SHAMKHAH,0,0
1190,MADINAT AL RIYAD,0,0
1191,MADINAT AL RIYAD,0,0
1192,AL SHAMKHAH,0,0
1193,MADINAT AL RIYAD,0,0
1194,MADINAT AL RIYAD,0,0
1195,AL SHAMKHAH,0,0
1196,MADINAT AL RIYAD,0,0
1197,AL SHAWAMEKH,0,0
1198,AL SHAMKHAH,0,0
1199,MADINAT AL RIYAD,0,0
1200,AL SHAMKHAH,0,0
1201,MADINAT AL RIYAD,0,0
1202,MADINAT AL RIYAD,0,0
1203,MADINAT AL RIYAD,0,0
1204,MADINAT AL RIYAD,0,0
1205,MADINAT AL RIYAD,0,0
1206,AL SHAMKHAH,0,0
1207,MADINAT AL RIYAD,0,0
1208,AL SHAMKHAH,0,0
1209,MADINAT AL RIYAD,0,0
1210,AL SHAMKHAH,0,0
1211,MADINAT AL RIYAD,0,0
1212,MADINAT AL RIYAD,0,0
1213,AL SHAMKHAH,0,0
1214,MADINAT AL RIYAD,0,0
1215,MADINAT AL RIYAD,0,0
1216,MADINAT AL RIYAD,0,0
1217,MADINAT AL RIYAD,0,0
1218,MADINAT AL RIYAD,0,0
1219,MADINAT AL RIYAD,0,0
1220,AL SHAMKHAH,0,0
1221,MADINAT AL RIYAD,0,0
1222,MADINAT AL RIYAD,0,0
1223,AL SHAMKHAH,0,0
1224,AL SHAMKHAH,0,0
1225,MADINAT AL RIYAD,0,0
1226,MADINAT AL RIYAD,0,0
1227,MADINAT AL RIYAD,0,0
1228,MADINAT AL RIYAD,0,0
1229,AL SHAMKHAH,0,0
1230,AL SHAMKHAH,0,0
1231,MADINAT AL RIYAD,0,0
1232,AL SHAMKHAH,0,0
1233,MADINAT AL RIYAD,0,0
1234,MADINAT AL RIYAD,0,0
1235,MADINAT AL RIYAD,0,0
1236,MADINAT AL RIYAD,0,0
1237,MADINAT AL RIYAD,0,0
1238,MADINAT AL RIYAD,0,0
1239,MADINAT AL RIYAD,0,0
1240,MADINAT AL RIYAD,0,0
1241,AL SHAMKHAH,0,0
1242,MADINAT AL RIYAD,0,0
1243,MADINAT AL RIYAD,0,0
1244,MADINAT AL RIYAD,0,0
1245,MADINAT AL RIYAD,0,0
1246,MADINAT AL RIYAD,0,0
1247,MADINAT AL RIYAD,0,0
1248,AL SHAMKHAH,0,0
1249,MADINAT AL RIYAD,0,0
1250,MADINAT AL RIYAD,0,0
1251,MADINAT AL RIYAD,0,0
1252,MADINAT AL RIYAD,0,0
1253,MADINAT AL RIYAD,0,0
1254,MADINAT AL RIYAD,0,0
1255,MADINAT AL RIYAD,0,0
1256,MADINAT AL RIYAD,0,0
1257,MADINAT AL RIYAD,0,0
1258,AL FALAH,0,0
1259,MADINAT AL RIYAD,0,0
1260,MADINAT AL RIYAD,0,0
1261,MADINAT AL RIYAD,0,0
1262,MADINAT AL RIYAD,0,0
1263,AL FALAH,0,0
1264,MADINAT AL RIYAD,0,0
1265,MADINAT AL RIYAD,0,0
1266,MADINAT AL RIYAD,0,0
1267,MADINAT AL RIYAD,0,0
1268,AL NAHDAH,0,0
1269,MADINAT AL RIYAD,0,0
1270,AL NAHDAH,0,2003
1271,BANI YAS,0,0
1272,BANI YAS,0,0
1273,BANI YAS,0,0
1274,BANI YAS,0,0
1275,BANI YAS,0,0
1276,BANI YAS,0,0
1277,BANI YAS,0,0
1278,BANI YAS,0,0
1279,BANI YAS,0,0
1280,BANI YAS,0,0
1281,BANI YAS,0,0
1282,BANI YAS,0,0
1283,BANI YAS,0,0
1284,BANI YAS,0,0
1285,BANI YAS,0,0
1286,BANI YAS,0,0
1287,BANI YAS,0,0
1288,BANI YAS,0,0
1289,BANI YAS,0,0
1290,BANI YAS,0,0
1291,BANI YAS,0,0
1292,AL WATHBAH,0,0
1293,BANI YAS,0,0
1294,BANI YAS,0,0
1295,BANI YAS,0,0
1296,BANI YAS,0,0
1297,BANI YAS,0,0
1298,AL SHAWAMEKH,0,0
1299,AL NAHDAH,0,0
1300,AL WATHBAH,0,0
1301,JARN YAFOUR,500,500
1302,JARN YAFOUR,3000,3000
1303,JARN YAFOUR,20000,20000
1304,JARN YAFOUR,1000,1000
1305,JARN YAFOUR,121000,146000
1306,AL WATHBAH,0,0
1307,AL NAHDAH,0,0
1308,AL WATHBAH,0,434
1309,AL WATHBAH,0,0
1310,AL WATHBAH,0,1014
1311,AL WATHBAH,0,0
1312,AL NAHDAH,0,0
1313,KHALIFA INDUSTRIAL,0,0
1314,AL LAYYAN,0,0
1315,AL LAYYAN,0,0
1316,MUWAYLIH,0,0
1317,MUWAYLIH,0,0
1318,MUWAYLIH,0,6523
1319,AL SMEEH,0,0
1320,GHADEER AL TAYR,0,0
1321,ZAYED MILITARY CITY,0,4317
1322,GHANADHAH,0,0
1323,ZAYED MILITARY CITY,0,2
1324,GHANTOUT,0,0
1325,ABU MREIKHAH,0,0
1326,ABU MREIKHAH,0,0
1327,ZAYED MILITARY CITY,0,0
1328,AL LAYYAN,0,0
1329,ZAYED MILITARY CITY,0,0
1330,ZAYED MILITARY CITY,0,0
1331,ZAYED MILITARY CITY,0,0
1332,RAWDAT AL REEF,0,0
1333,RAWDAT AL REEF,0,0
1334,AL FALAH,0,0
1335,RAWDAT AL REEF,0,0
1336,AL FALAH,0,0
1337,AL FALAH,0,0
1338,AL FALAH,0,0
1339,AL KHATM,0,2111
1340,DIHAN,0,1129
1341,AL HAFFAR,0,1278
1342,AL KHATM,0,2835
1343,AL KHATM,0,177
1344,DIHAN,0,10478
1345,MSHAYRIF,0,537
1346,AL 'ASHEESH,0,10000
1347,AL FAYAH,0,59831
1348,AL HAFFAR,0,2487
1349,AL 'ASHEESH,0,0
1350,MSHAYRIF,0,1131
1351,MSHAYRIF,0,31
1352,AL MI'RAD,0,0
1353,AL 'ADLAH,0,40346
1354,MSHAYRIF,0,0
1355,AL SOUT,0,0
1356,AL SHINAYIN,0,0
1357,AL BIHOUTH,75000,100000
1358,MSHAYRIF,0,0
1359,MSHAYRIF,0,0
1360,AL BIHOUTH,0,0
1361,AL SOUT,0,0
1362,AL WATHBAH,98000,148000
1363,AL BIHOUTH,0,16
1364,AL BIHOUTH,0,43
1365,AL BIHOUTH,0,0
1366,MSHAYRIF,0,4422
1367,AL SELMIYYAH,0,0
1368,AL NOUF,0,0
1369,AL NOUF,0,50000
1370,AL FTEYSI ISLAND,0,0
1371,AL ARYAM ISLAND,0,0
1372,AL FTEYSI ISLAND,0,0
1373,AL FTEYSI ISLAND,0,0
1374,AL FTEYSI ISLAND,0,0
1375,AL FTEYSI ISLAND,0,0
1376,AL HIDAYRIYYAT,0,0
1377,AL FTEYSI ISLAND,0,0
1378,AL HALAH ISLAND,0,0
1886,AL KHIDAYRAH,0,0
1895,AL SOUT,0,0
1962,AL MA'MOURAH,0,0
1963,AL MA'MOURAH,0,0
1964,AL MA'MOURAH,0,0
1965,AL SAMHAH,0,0
1966,AL MA'MOURAH,0,0
1967,AL MA'MOURAH,0,0
1968,AL MA'MOURAH,0,0
1969,AL MA'MOURAH,0,0
1970,AL MA'MOURAH,0,0
1971,AL MA'MOURAH,0,0
1972,AL MA'MOURAH,0,0
1973,AL MA'MOURAH,0,0
1974,AL MA'MOURAH,0,0
1975,AL MA'MOURAH,0,0
1976,AL MA'MOURAH,0,0
1977,AL MA'MOURAH,0,0
1978,AL MA'MOURAH,0,0
1979,AL MA'MOURAH,0,0
1980,AL SAMHAH,0,0
1981,KHALIFA INDUSTRIAL,0,0
1982,KHALIFA INDUSTRIAL,0,0
1983,KHALIFA INDUSTRIAL,0,0
1984,KHALIFA INDUSTRIAL,0,0
1985,KHALIFA INDUSTRIAL,0,0
1986,AL MA'MOURAH,0,0
1987,AL MA'MOURAH,0,0
1988,AL MA'MOURAH,0,0
1989,AL MA'MOURAH,0,0
1990,AL LAYYAN,0,0
1991,KHALIFA INDUSTRIAL,0,0
1992,AL SAMHAH,0,0
1993,KHALIFA INDUSTRIAL,0,0
1994,KHALIFA INDUSTRIAL,0,0
1995,KHALIFA INDUSTRIAL,0,0
1996,KHALIFA INDUSTRIAL,0,0
1997,KHALIFA INDUSTRIAL,0,0
1998,KHALIFA INDUSTRIAL,0,0
1999,KHALIFA INDUSTRIAL,0,0
2000,KHALIFA INDUSTRIAL,0,0
2001,AL LAYYAN,0,0
2002,KHALIFA INDUSTRIAL,0,0
2003,KHALIFA INDUSTRIAL,0,37643.66667
2004,KHALIFA INDUSTRIAL,0,0
2005,KHALIFA INDUSTRIAL,0,0
2006,KHALIFA INDUSTRIAL,0,0
2007,KHALIFA INDUSTRIAL,0,0
2008,KHALIFA INDUSTRIAL,0,0
2009,KHALIFA INDUSTRIAL,0,0
2010,KHALIFA INDUSTRIAL,0,0
2011,KHALIFA INDUSTRIAL,0,0
2012,KHALIFA INDUSTRIAL,0,0
2013,KHALIFA INDUSTRIAL,0,0
2014,AL MA'MOURAH,0,0
2015,AL MA'MOURAH,0,0
2016,AL MA'MOURAH,0,0
2017,AL MA'MOURAH,0,0
2018,AL MA'MOURAH,0,0
2019,AL MA'MOURAH,0,0
2020,AL MA'MOURAH,0,0
2021,AL MA'MOURAH,0,0
2022,AL MA'MOURAH,0,0
2023,AL MA'MOURAH,0,0
2024,GHANADHAH,0,0
2025,AL MA'MOURAH,0,0
2026,AL MA'MOURAH,0,0
2027,AL MA'MOURAH,0,0
2028,AL MA'MOURAH,0,0
2029,AL MA'MOURAH,0,0
2030,AL MA'MOURAH,0,0
2031,AL MA'MOURAH,0,0
2032,AL MA'MOURAH,0,0
2033,AL MA'MOURAH,0,0
2034,AL MA'MOURAH,0,0
2191,AL FALAH,0,0
2192,AL FALAH,0,0
2193,AL FALAH,0,0
2194,AL FALAH,0,0
2195,AL FALAH,0,0
2196,AL FALAH,0,0
2197,AL FALAH,0,0
2198,AL FALAH,0,0
2199,AL FALAH,0,0
2200,AL FALAH,0,0
2201,AL FALAH,0,0
2202,AL FALAH,0,0
2203,AL FALAH,0,0
2204,AL FALAH,0,0
2205,YAS ISLAND,0,0
2206,YAS ISLAND,0,0
2207,YAS ISLAND,0,0
2208,YAS ISLAND,0,0
2209,YAS ISLAND,0,0
2210,YAS ISLAND,0,0
2211,YAS ISLAND,0,0
2212,YAS ISLAND,0,0
2213,YAS ISLAND,0,0
2214,YAS ISLAND,0,0
2215,YAS ISLAND,0,0
2216,YAS ISLAND,0,0
2217,YAS ISLAND,0,0
2218,YAS ISLAND,0,0
2219,YAS ISLAND,0,0
2220,AL MATAR,0,0
2221,KHALIFA CITY,0,0
2222,KHALIFA CITY,0,0
2223,KHALIFA CITY,0,0
2224,KHALIFA CITY,0,0
2225,KHALIFA CITY,0,0
2226,KHALIFA CITY,0,0
2227,KHALIFA CITY,0,0
2228,KHALIFA CITY,0,0
2229,KHALIFA CITY,0,0
2230,KHALIFA CITY,0,0
2231,SAS AL NAKHL,0,0
2232,SAS AL NAKHL,0,0
2233,KHALIFA CITY,0,0
2234,KHALIFA CITY,0,0
2235,KHALIFA CITY,0,0
2236,KHALIFA CITY,0,0
2237,AL MUNTAZAH,0,0
2238,AL MUNTAZAH,0,0
2239,AL MUNTAZAH,0,0
2240,AL MUNTAZAH,0,0
2241,AL MUNTAZAH,0,0
2242,AL MUNTAZAH,0,0
2306,SHAKHBOUT CITY,0,0
2307,KHALIFA CITY,0,0
2308,AL SHAMKHAH,0,0
2309,AL SHAMKHAH,0,0
2310,AL WATHBAH,0,175
2311,AL NAHYAN,0,0
2312,AL NAHYAN,0,0
2313,AL NAHYAN,0,0
2314,AL NAHYAN,0,0
2315,AL NAHYAN,0,0
2316,AL NAHYAN,0,0
2317,AL NAHYAN,0,0
2318,RABDAN,0,0
2319,RABDAN,0,0
2320,RABDAN,0,0
2321,RABDAN,0,0
2322,ZAYED PORT,0,0
2323,AL ZAHIYAH,0,0
2324,RABDAN,0,0
2325,FAHID ISLAND,0,0
2326,FAHID ISLAND,0,0
2327,FAHID ISLAND,0,0
2328,FAHID ISLAND,0,0
2329,FAHID ISLAND,0,0
2330,FAHID ISLAND,0,0
2331,AL KASIR,0,0
2332,AL KASIR,0,0
2333,AL KASIR,0,0
2334,AL KASIR,0,0
2335,AL JUBAIL ISLAND,0,0
2336,AL KASIR,0,0
2337,AL KASIR,0,0
2338,AL KASIR,0,0
2339,YAS ISLAND,0,0
2340,YAS ISLAND,0,3
2341,YAS ISLAND,0,0
2342,YAS ISLAND,0,0
2343,YAS ISLAND,0,0
2344,YAS ISLAND,0,0
2345,YAS ISLAND,0,0
2346,YAS ISLAND,0,0
2347,YAS ISLAND,0,0
2348,AL BAHYAH,0,0
2349,AL BAHYAH,0,0
2350,AL BAHYAH,0,0
2351,AL BAHYAH,0,0
2352,YAS ISLAND,0,0
2353,AL BAHYAH,0,0
2354,AL BAHYAH,0,0
2355,AL BAHYAH,0,0
2356,YAS ISLAND,0,0
2357,AL BAHYAH,0,0
2358,UJAIJ,0,0
2359,AL BAHYAH,0,0
2360,YAS ISLAND,0,0
2361,YAS ISLAND,0,0
2362,YAS ISLAND,0,0
2363,YAS ISLAND,0,0
2364,YAS ISLAND,0,0
2365,YAS ISLAND,0,0
2366,YAS ISLAND,0,0
2367,YAS ISLAND,0,0
2368,YAS ISLAND,0,0
2369,YAS ISLAND,0,0
2370,YAS ISLAND,0,0
2371,YAS ISLAND,0,0
2372,YAS ISLAND,0,0
2373,YAS ISLAND,0,0
2374,YAS ISLAND,0,0
2375,YAS ISLAND,0,0
2376,YAS ISLAND,0,0
2377,YAS ISLAND,0,0
2378,YAS ISLAND,0,0
2379,AL RAHAH,0,0
2380,AL RAHAH,0,0
2381,AL RAHAH,0,0
2382,AL RAHAH,0,0
2383,AL RAHAH,0,0
2384,AL RAHAH,0,0
2385,AL RAHAH,0,0
2386,AL RAHAH,0,0
2387,AL RAHAH,0,0
2388,AL RAHAH,0,0
2389,AL RAHAH,0,0
2390,AL RAHAH,0,0
2391,AL RAHAH,0,0
2392,AL RAHAH,0,0
2393,AL RAHAH,0,0
2394,AL RAHAH,0,0
2395,AL RAHAH,0,0
2396,AL RAHAH,0,0
2397,AL RAHAH,0,0
2398,AL RAHAH,0,0
2399,AL RAHAH,0,0
2400,AL RAHAH,0,0
2401,AL RAHAH,0,0
2402,AL RAHAH,0,0
2403,AL RAHAH,0,0
2404,AL RAHAH,0,0
2405,AL RAHAH,0,0
2406,AL RAHAH,0,0
2407,AL RAHAH,0,0
2408,AL RAHAH,0,0
2409,AL RAHAH,0,0
2410,AL RAHAH,0,0
2411,AL RAHAH,0,0
2412,AL RAHAH,0,0
2413,AL RAHAH,0,0
2414,AL RAHAH,0,0
2415,AL RAHAH,0,0
2416,AL RAHAH,0,0
2417,AL RAHAH,0,0
2418,AL RAHAH,0,0
2419,AL RAHAH,0,0
2420,AL RAHAH,0,0
2421,AL RAHAH,0,0
2422,AL RAHAH,0,0
2423,KHALIFA CITY,0,0
2424,KHALIFA CITY,0,0
2425,KHALIFA CITY,0,0
2426,KHALIFA CITY,0,0
2427,AL MATAR,0,0
2428,KHALIFA CITY,0,0
2429,AL MATAR,0,0
2430,AL FALAH,0,0
2431,AL FALAH,0,0
2432,AL MATAR,0,0
2433,KHALIFA CITY,0,0
2434,AL MATAR,0,0
2435,AL MATAR,0,0
2436,AL FALAH,0,0
2437,KHALIFA CITY,0,0
2438,KHALIFA CITY,0,0
2439,KHALIFA CITY,0,0
2440,KHALIFA CITY,0,0
2441,KHALIFA CITY,0,0
2442,KHALIFA CITY,0,0
2443,KHALIFA CITY,0,0
2444,KHALIFA CITY,0,0
2445,KHALIFA CITY,0,0
2446,KHALIFA CITY,0,0
2447,KHALIFA CITY,0,0
2448,KHALIFA CITY,0,0
2449,KHALIFA CITY,0,0
2450,KHALIFA CITY,0,0
2451,KHALIFA CITY,0,0
2452,KHALIFA CITY,0,0
2453,KHALIFA CITY,0,0
2454,KHALIFA CITY,0,0
2455,KHALIFA CITY,0,0
2456,KHALIFA CITY,0,0
2457,KHALIFA CITY,0,0
2458,KHALIFA CITY,0,0
2459,KHALIFA CITY,0,0
2460,KHALIFA CITY,0,0
2461,KHALIFA CITY,0,0
2462,KHALIFA CITY,0,0
2463,KHALIFA CITY,0,0
2464,KHALIFA CITY,0,0
2465,KHALIFA CITY,0,0
2466,KHALIFA CITY,0,0
2467,KHALIFA CITY,0,0
2468,KHALIFA CITY,0,0
2469,KHALIFA CITY,0,0
2470,KHALIFA CITY,0,0
2471,KHALIFA CITY,0,0
2472,KHALIFA CITY,0,0
2473,KHALIFA CITY,0,0
2474,KHALIFA CITY,0,0
2510,ABU AL ABYAD ISLAND,0,0
2511,RABDAN,0,0
2512,AL MANHAL,0,0
2513,AL RAWDAH,0,0
2514,AL RAWDAH,0,0
2515,AL RAWDAH,0,0
2516,AL RAWDAH,0,0
2517,AL SA'ADAH,0,0
2518,AL MUZOUN,0,0
2519,AL MUZOUN,0,0
2531,MUWAYLIH,0,34
2554,AL FALAH,0,0
2555,AL FALAH,0,0
2556,AL FALAH,0,0
2557,AL FALAH,0,0
2558,AL FALAH,0,0
2559,AL FALAH,0,0
2560,AL FALAH,0,0
2561,AL FALAH,0,0
2562,AL FALAH,0,0
2563,AL FALAH,0,0
2564,AL FALAH,0,0
2565,AL FALAH,0,0
2566,AL FALAH,0,0
2567,AL FALAH,0,0
2568,AL FALAH,0,0
2569,AL FALAH,0,0
2570,AL FALAH,0,0
2571,AL FALAH,0,0
2572,AL FALAH,0,0
2584,AL HAFFAR,0,0
2585,AL HEEL ISLAND,0,0
2590,AL HANYOURAH,0,0
2593,AL HIDAYRIYYAT,0,0
2594,AL HIDAYRIYYAT,0,0
2595,AL HIDAYRIYYAT,0,0
2596,AL HIDAYRIYYAT,0,0
2597,AL HIDAYRIYYAT,0,0
2598,AL HIDAYRIYYAT,0,0
2599,AL HIDAYRIYYAT,0,0
2600,AL HIDAYRIYYAT,0,0
2601,AL HIDAYRIYYAT,0,0
2602,AL HIDAYRIYYAT,0,0
2603,AL HIDAYRIYYAT,0,0
2604,AL HIDAYRIYYAT,0,0
2605,AL HIDAYRIYYAT,0,0
2606,AL HIDAYRIYYAT,0,0
2607,AL HIDAYRIYYAT,0,0
2608,AL HIDAYRIYYAT,0,0
2609,AL HIDAYRIYYAT,0,0
2610,AL HIDAYRIYYAT,0,0
2611,AL HIDAYRIYYAT,0,0
2612,AL HIDAYRIYYAT,0,0
2613,AL HIDAYRIYYAT,0,0
2614,AL HIDAYRIYYAT,0,0
2615,AL HIDAYRIYYAT,0,0
2616,AL HIDAYRIYYAT,0,0
2617,AL HIDAYRIYYAT,0,0
2618,AL HIDAYRIYYAT,0,0
2619,AL HIDAYRIYYAT,0,0
2620,AL HIDAYRIYYAT,0,0
2621,AL HIDAYRIYYAT,0,0
2622,AL HIDAYRIYYAT,0,0
2623,AL HIDAYRIYYAT,0,0
2624,AL HIDAYRIYYAT,0,0
2625,AL HIDAYRIYYAT,0,0
2626,AL HIDAYRIYYAT,0,0
2627,AL HIDAYRIYYAT,0,0
2628,AL HIDAYRIYYAT,0,0
2629,AL HIDAYRIYYAT,0,0
2630,AL HIDAYRIYYAT,0,0
2631,AL HIDAYRIYYAT,0,0
2632,AL HIDAYRIYYAT,0,0
2633,AL HIDAYRIYYAT,0,0
2634,AL HIDAYRIYYAT,0,0
2635,AL HIDAYRIYYAT,0,0
2636,AL HIDAYRIYYAT,0,0
2637,AL HIDAYRIYYAT,0,0
2638,AL HIDAYRIYYAT,0,0
2639,AL HIDAYRIYYAT,0,0
2640,AL HIDAYRIYYAT,0,0
2641,AL HIDAYRIYYAT,0,0
2642,AL HIDAYRIYYAT,0,0
2643,AL HIDAYRIYYAT,0,0
2644,AL HIDAYRIYYAT,0,0
2645,AL HIDAYRIYYAT,0,0
2646,AL HIDAYRIYYAT,0,0
2647,AL HIDAYRIYYAT,0,0
2648,AL HIDAYRIYYAT,0,0
2649,AL HIDAYRIYYAT,0,0
2650,AL HIDAYRIYYAT,0,0
2651,AL HIDAYRIYYAT,0,0
2652,AL HIDAYRIYYAT,0,0
2653,AL HIDAYRIYYAT,0,0
2654,AL HIDAYRIYYAT,0,0
2655,AL HIDAYRIYYAT,0,0
2656,AL LAYYAN,0,0
2657,AL LAYYAN,0,0
2658,AL LAYYAN,0,0
2659,AL LAYYAN,0,0
2660,AL LAYYAN,0,0
2661,AL LAYYAN,0,0
2662,AL LAYYAN,0,0
2663,AL LAYYAN,0,0
2664,AL LAYYAN,0,0
2665,AL LAYYAN,0,0
2666,AL LAYYAN,0,0
2667,AL LAYYAN,0,0
2668,AL LAYYAN,0,0
2669,AL LAYYAN,0,0
2670,AL LAYYAN,0,0
2671,AL LAYYAN,0,0
2672,AL LAYYAN,0,0
2673,GHADEER AL TAYR,0,0
2674,GHADEER AL TAYR,0,0
2675,GHADEER AL TAYR,0,0
2676,GHADEER AL TAYR,0,0
2692,AL JUBAIL ISLAND,0,0
2693,AL JUBAIL ISLAND,0,0
2694,AL JUBAIL ISLAND,0,0
2695,AL JUBAIL ISLAND,0,0
2696,AL JUBAIL ISLAND,0,0
2697,AL JUBAIL ISLAND,0,0
2698,AL JUBAIL ISLAND,0,0
2699,AL JUBAIL ISLAND,0,0
2700,AL JUBAIL ISLAND,0,0
2701,AL JUBAIL ISLAND,0,0
2702,AL JUBAIL ISLAND,0,0
2703,AL JUBAIL ISLAND,0,0
2704,AL JUBAIL ISLAND,0,0
2705,AL JUBAIL ISLAND,0,0
2706,AL JUBAIL ISLAND,0,0
2707,AL JUBAIL ISLAND,0,0
2708,AL JUBAIL ISLAND,0,0
2709,AL JUBAIL ISLAND,0,0
2710,DIHAN,0,77
2711,MSHAYRIF,0,8
2712,AL SOUT,0,0
2713,AL SOUT,0,0
2714,AL KHATM,0,0
2715,DHAHARAT AL TEEB,0,4855
2718,RABDAN,0,0
2719,RABDAN,0,0
2720,RABDAN,0,0
2721,RABDAN,0,0
2722,RABDAN,0,0
2723,RABDAN,0,0
2724,RABDAN,0,0
2725,RABDAN,0,0
2726,RABDAN,0,0
2727,RABDAN,0,0
2728,RABDAN,0,0
2729,RABDAN,0,0
2730,RABDAN,0,0
2731,RABDAN,0,0
2732,RABDAN,0,0
2733,RABDAN,0,0
2734,RABDAN,0,0
2754,AL NAHDAH,0,0
2755,AL NAHDAH,0,0
2756,AL NAHDAH,0,0
2760,AL SAMHAH,0,861
2761,AL SAMHAH,0,0
2762,AL SAMHAH,0,0
2763,AL SAMHAH,0,0
2766,AL REEF,0,0
2767,AL REEF,0,0
2768,AL REEF,0,0
2769,AL REEF,0,0
2770,AL REEF,0,0
2771,AL REEM ISLAND,0,0
2772,AL REEM ISLAND,0,1
2773,AL REEM ISLAND,0,0
2774,AL REEM EAST ISLAND,0,0
2781,AL SADER,0,0
2782,AL SADER,0,0
2783,AL SADER,0,0
2784,AL SADER,0,0
2785,AL SADER,0,0
2786,AL SADER,0,0
2787,AL SADER,0,0
2788,AL SADER,0,0
2789,AL SADER,0,0
2790,AL SADER,0,0
2791,AL SADER,0,0
2792,AL SADER,0,0
2793,AL SADER,0,0
2794,AL SADER,0,0
2795,AL SADER,0,0
2796,AL SADER,0,0
2797,AL SADER,0,0
2798,AL SADER,0,0
2799,AL SADER,0,0
2800,AL SADER,0,0
2801,AL SADER,0,0
2802,AL SADER,0,0
2803,AL SADER,0,0
2804,AL SADER,0,0
2805,AL SADER,0,0
2806,AL SADER,0,0
2807,AL SADER,0,0
2808,AL SADER,0,0
2809,AL SADER,0,0
2810,AL SADER,0,0
2811,AL SADER,0,0
2812,AL SADER,0,0
2813,AL SADER,0,0
2814,AL SADER,0,0
2815,AL SADER,0,0
2816,AL SADER,0,0
2817,AL SADER,0,0
2818,AL SAMHAH,0,0
2819,AL SAMHAH,0,39
2820,AL SAMHAH,0,266
2822,AL SHAMKHAH,0,0
2823,AL SHAMKHAH,0,0
2824,AL SHAMKHAH,0,0
2825,AL SHAMKHAH,0,0
2826,AL SHAMKHAH,0,0
2827,AL SHAMKHAH,0,0
2828,AL SHAMKHAH,0,0
2829,AL SHAMKHAH,0,0
2830,AL SHAMKHAH,0,0
2831,AL SHAMKHAH,0,0
2832,AL SADER,0,0
2833,AL SHELAYLAH ISLAND,0,0
2834,AL TAWEELAH,0,0
2835,AL TAWEELAH,0,0
2836,AL TAWEELAH,0,3182
2837,AL TAWEELAH,0,0
2838,AL TAWEELAH,0,0
2839,AL TAWEELAH,0,0
2840,GHANADHAH,0,0
2844,AL WATHBAH,0,0
2845,AL WATHBAH,0,704
2846,AL WATHBAH,0,713
2847,BANI YAS,0,0
2848,AL NAHDAH,0,0
2849,AL NAHDAH,0,0
2850,AL WATHBAH,0,828
2851,AL ZUBARAH,0,0
2852,BILGHAYLAM ISLAND,0,0
2853,BANI YAS,0,0
2854,AL SHAWAMEKH,0,0
2855,AL SHAWAMEKH,0,0
2856,AL SHAWAMEKH,0,0
2857,AL SHAWAMEKH,0,0
2858,AL SHAWAMEKH,0,0
2859,AL SHAWAMEKH,0,0
2860,AL SHAWAMEKH,0,0
2861,AL SHAWAMEKH,0,0
2862,AL SHAWAMEKH,0,0
2863,AL SHAWAMEKH,0,0
2864,AL SHAWAMEKH,0,0
2865,AL SHAWAMEKH,0,0
2866,AL SHAWAMEKH,0,0
2867,AL SHAWAMEKH,0,0
2868,AL SHAWAMEKH,0,0
2869,AL SHAWAMEKH,0,0
2870,AL SHAWAMEKH,0,0
2871,AL SHAWAMEKH,0,0
2872,AL SHAWAMEKH,0,0
2894,GHANADHAH,0,0
2895,GHANADHAH,0,0
2907,AL KHIDAYRAH,0,0
2931,KHALIFA CITY,0,0
2932,KHALIFA CITY,0,0
2933,KHALIFA CITY,0,0
2934,KHALIFA CITY,0,0
2935,KHALIFA CITY,0,0
2936,KHALIFA CITY,0,0
2937,KHALIFA CITY,0,0
2938,KHALIFA CITY,0,0
2939,KHALIFA CITY,0,0
2940,KHALIFA CITY,0,0
2941,KHALIFA CITY,0,0
2942,KHALIFA CITY,0,0
2943,KHALIFA CITY,0,0
2944,KHALIFA CITY,0,0
2945,KHALIFA CITY,0,0
2946,KHALIFA CITY,0,0
2947,KHALIFA CITY,0,0
2948,KHALIFA CITY,0,0
2949,KHALIFA CITY,0,0
2950,KHALIFA CITY,0,0
2951,KHALIFA CITY,0,0
2952,KHALIFA CITY,0,0
2953,AL MA'MOURAH,0,0
2956,MADINAT AL RIYAD,0,0
2957,MADINAT AL RIYAD,0,0
2958,MADINAT AL RIYAD,0,0
2965,JARN YAFOUR,0,0
2966,JARN YAFOUR,0,0
2967,BANI YAS,0,0
2969,MOHAMED BIN ZAYED CITY,0,0
2970,MOHAMED BIN ZAYED CITY,0,0
2971,MOHAMED BIN ZAYED CITY,0,0
2972,MOHAMED BIN ZAYED CITY,0,0
2973,MOHAMED BIN ZAYED CITY,0,0
2974,MOHAMED BIN ZAYED CITY,0,0
2975,MOHAMED BIN ZAYED CITY,0,0
2976,MOHAMED BIN ZAYED CITY,0,0
2977,MOHAMED BIN ZAYED CITY,0,0
2978,MOHAMED BIN ZAYED CITY,0,0
2979,MOHAMED BIN ZAYED CITY,0,0
2980,ABU DHABI INDUSTRIAL CITY,0,0
2981,ABU DHABI INDUSTRIAL CITY,0,0
2982,ABU DHABI INDUSTRIAL CITY,0,0
2983,ABU DHABI INDUSTRIAL CITY,0,0
2985,NOURAI ISLAND,0,0
2986,RAMHAN ISLAND,0,0
2987,RAMHAN ISLAND,0,0
2988,RAMHAN ISLAND,0,0
2989,RAMHAN ISLAND,0,0
2990,RAMHAN ISLAND,0,0
2991,RAMHAN ISLAND,0,0
2992,RAMHAN ISLAND,0,0
2993,RAMHAN ISLAND,0,0
2994,RAMHAN ISLAND,0,0
2995,RAMHAN ISLAND,0,0
2996,RAMHAN ISLAND,0,0
2997,RAMHAN ISLAND,0,0
2998,RAMHAN ISLAND,0,0
2999,RAMHAN ISLAND,0,0
3000,RAMHAN ISLAND,0,0
3001,RAMHAN ISLAND,0,0
3002,RAMHAN ISLAND,0,0
3003,RAMHAN ISLAND,0,0
3004,RAMHAN ISLAND,0,0
3005,RAMHAN ISLAND,0,0
3006,RAMHAN ISLAND,0,0
3007,RAMHAN ISLAND,0,0
3008,RAMHAN ISLAND,0,0
3009,RAMHAN ISLAND,0,0
3010,RAMHAN ISLAND,0,0
3011,RAMHAN ISLAND,0,0
3012,RAMHAN ISLAND,0,0
3013,RAMHAN ISLAND,0,0
3014,RAMHAN ISLAND,0,0
3015,RAMHAN ISLAND,0,0
3016,RAMHAN ISLAND,0,0
3017,RAMHAN ISLAND,0,0
3018,RAMHAN ISLAND,0,0
3019,RAMHAN ISLAND,0,0
3020,RAMHAN ISLAND,0,0
3021,RAMHAN ISLAND,0,0
3022,RAMHAN ISLAND,0,0
3023,AL ALIAH ISLAND,0,0
3029,AL SAADIYAT ISLAND,0,0
3030,AL SAADIYAT ISLAND,0,0
3031,AL SAADIYAT ISLAND,0,0
3032,AL SAADIYAT ISLAND,0,0
3033,AL SAADIYAT ISLAND,0,0
3034,AL SAADIYAT ISLAND,0,0
3035,AL SAADIYAT ISLAND,0,0
3036,AL SAADIYAT ISLAND,0,0
3037,AL SAADIYAT ISLAND,0,0
3038,AL SAADIYAT ISLAND,0,0
3039,AL SAADIYAT ISLAND,0,0
3040,AL SAADIYAT ISLAND,0,0
3041,AL SAADIYAT ISLAND,0,0
3042,AL SAADIYAT ISLAND,0,0
3043,AL SAADIYAT ISLAND,0,0
3044,AL SAADIYAT ISLAND,0,0
3045,AL SAADIYAT ISLAND,0,0
3046,AL SAADIYAT ISLAND,0,0
3047,AL SAADIYAT ISLAND,0,0
3048,AL SAADIYAT ISLAND,0,0
3049,AL SAADIYAT ISLAND,0,0
3050,AL SAADIYAT ISLAND,0,0
3051,AL SAADIYAT ISLAND,0,0
3052,AL SAADIYAT ISLAND,0,0
3053,AL SAADIYAT ISLAND,0,0
3054,AL SAADIYAT ISLAND,0,0
3055,AL SAADIYAT ISLAND,0,0
3056,AL SAADIYAT ISLAND,0,0
3057,AL SAADIYAT ISLAND,0,0
3058,AL SAADIYAT ISLAND,0,0
3059,AL SAADIYAT ISLAND,0,0
3060,AL SAADIYAT ISLAND,0,0
3061,AL SAADIYAT ISLAND,0,0
3062,AL SAADIYAT ISLAND,0,0
3063,AL SAADIYAT ISLAND,0,0
3064,AL SAADIYAT ISLAND,0,0
3065,AL SAADIYAT ISLAND,0,0
3066,AL SAADIYAT ISLAND,0,0
3067,AL SAADIYAT ISLAND,0,0
3068,AL SAADIYAT ISLAND,0,0
3069,AL SAADIYAT ISLAND,0,0
3070,AL SAADIYAT ISLAND,0,0
3071,AL SAADIYAT ISLAND,0,0
3072,AL SAADIYAT ISLAND,0,0
3073,AL SAADIYAT ISLAND,0,0
3074,AL SAADIYAT ISLAND,0,0
3076,SAS AL NAKHL,0,0
3088,AL SHINAYIN,0,0
3089,AL SHINAYIN,0,0
3090,AL SOUT,0,0
3092,UM YIFEENAH ISLAND,0,0
3093,RAMHAN ISLAND,0,0
3098,ZAYED CITY,0,0
3099,ZAYED CITY,0,0
3100,ZAYED CITY,0,0
3101,ZAYED CITY,0,0
3102,ZAYED CITY,0,0
3103,ZAYED CITY,0,0
3104,ZAYED CITY,0,0
3105,ZAYED CITY,0,0
3106,ZAYED CITY,0,0
3107,ZAYED CITY,0,0
3108,ZAYED CITY,0,0
3109,ZAYED CITY,0,0
3110,ZAYED CITY,0,0
3111,ZAYED CITY,0,0
3112,ZAYED CITY,0,0
3113,ZAYED CITY,0,0
3114,ZAYED CITY,0,0
3115,ZAYED CITY,0,0
3116,ZAYED CITY,0,0
3117,ZAYED CITY,0,0
3118,ZAYED CITY,0,0
3119,ZAYED CITY,0,0
3120,ZAYED CITY,0,0
3121,ZAYED CITY,0,0
3122,ZAYED CITY,0,0
3123,ZAYED CITY,0,0
3124,ZAYED CITY,0,0
3125,ZAYED CITY,0,0
3126,ZAYED CITY,0,0
3127,ZAYED CITY,0,0
3128,ZAYED CITY,0,0
3129,ZAYED CITY,0,0
3130,ZAYED CITY,0,0
3131,ZAYED CITY,0,0
3132,ZAYED CITY,0,0
3133,ZAYED CITY,0,0
3134,ZAYED CITY,0,0
3135,ZAYED CITY,0,0
3136,ZAYED CITY,0,0
3137,ZAYED CITY,0,0
3138,ZAYED CITY,0,0
3139,ZAYED CITY,0,0
3140,ZAYED CITY,0,0
3141,ZAYED CITY,0,0
3142,ZAYED CITY,0,0
3143,ZAYED CITY,0,0
3144,ZAYED CITY,0,0
3145,ZAYED CITY,0,0
3146,ZAYED CITY,0,0
3147,ZAYED CITY,0,0
3148,ZAYED CITY,0,0
3149,ZAYED CITY,0,0
3150,ZAYED CITY,0,0
3151,ZAYED CITY,0,0
3152,ZAYED CITY,0,0
3153,ZAYED CITY,0,0
3154,ZAYED CITY,0,0
3155,ZAYED CITY,0,0
3156,ZAYED CITY,0,0
3157,ZAYED CITY,0,0
3158,ZAYED CITY,0,0
3159,ZAYED CITY,0,0
3160,ZAYED CITY,0,0
3161,ZAYED MILITARY CITY,0,0
3162,ABU DHABI INDUSTRIAL CITY,0,0
3163,ABU DHABI INDUSTRIAL CITY,0,0
3164,ABU DHABI INDUSTRIAL CITY,0,0
3165,ABU DHABI INDUSTRIAL CITY,0,0
3166,ABU DHABI INDUSTRIAL CITY,0,0
3167,ABU DHABI INDUSTRIAL CITY,0,0
3168,ABU DHABI INDUSTRIAL CITY,0,0
3169,ABU DHABI INDUSTRIAL CITY,0,0
3170,ABU DHABI INDUSTRIAL CITY,0,0
3171,ABU DHABI INDUSTRIAL CITY,0,2000
3172,ABU DHABI INDUSTRIAL CITY,0,0
3173,ABU DHABI INDUSTRIAL CITY,0,0
3174,KHALIFA CITY,0,0
3175,AL BATEEN,0,0
3176,BANI YAS,0,0
3177,JARN YAFOUR,0,722
3178,JARN YAFOUR,0,0
3179,JARN YAFOUR,0,0
3180,JARN YAFOUR,0,0
3181,JARN YAFOUR,0,0
3182,JARN YAFOUR,0,0
3183,JARN YAFOUR,0,0
3184,JARN YAFOUR,0,0
3185,JARN YAFOUR,0,621
3186,JARN YAFOUR,0,0
3187,JARN YAFOUR,0,28667
3188,JARN YAFOUR,0,3
3189,JARN YAFOUR,0,0
3190,BANI YAS,0,0
3191,YAS ISLAND,0,0
3192,YAS ISLAND,0,0
3193,YAS ISLAND,0,0
3194,YAS ISLAND,0,0
3195,YAS ISLAND,0,0
3196,YAS ISLAND,0,0
3197,YAS ISLAND,0,0
3198,AL BAHYAH,0,10000
3199,AL BAHYAH,0,0
3200,YAS ISLAND,0,0
3201,YAS ISLAND,0,0
3202,YAS ISLAND,0,0
3203,YAS ISLAND,0,0
3204,YAS ISLAND,0,0
3205,YAS ISLAND,0,0
3206,YAS ISLAND,0,0
3207,YAS ISLAND,0,0
3208,YAS ISLAND,0,0
3209,YAS ISLAND,0,0
3210,YAS ISLAND,0,0
3211,YAS ISLAND,0,0
3212,YAS ISLAND,0,0
3213,YAS ISLAND,0,0
3214,YAS ISLAND,0,0
3215,YAS ISLAND,0,0
3216,YAS ISLAND,0,0
3217,YAS ISLAND,0,0
3218,YAS ISLAND,0,0
3219,YAS ISLAND,0,0
3220,YAS ISLAND,0,0
3221,YAS ISLAND,0,0
3222,YAS ISLAND,0,0
3223,YAS ISLAND,0,0
3224,YAS ISLAND,0,0
3225,YAS ISLAND,0,0
3226,YAS ISLAND,0,0
3227,YAS ISLAND,0,0
3228,YAS ISLAND,0,0
3229,YAS ISLAND,0,0
3230,YAS ISLAND,0,0
3231,YAS ISLAND,0,0
3232,YAS ISLAND,0,0
3233,YAS ISLAND,0,0
3234,YAS ISLAND,0,0
3235,YAS ISLAND,0,0
3236,YAS ISLAND,0,0
3237,YAS ISLAND,0,0
3238,YAS ISLAND,0,0
3239,YAS ISLAND,0,0
3240,YAS ISLAND,0,0
3241,YAS ISLAND,0,0
3242,YAS ISLAND,0,0
3243,YAS ISLAND,0,0
3244,YAS ISLAND,0,0
3245,YAS ISLAND,0,0
3246,YAS ISLAND,0,0
3247,AL BAHYAH,0,0
3248,AL BAHYAH,0,0
3249,AL BAHYAH,0,0
3250,AL BAHYAH,0,0
3251,AL BAHYAH,0,0
3252,AL BAHYAH,0,0
3253,AL BAHYAH,0,0
3254,AL SAMMALIYYAH ISLAND,0,0
3255,AL SAMMALIYYAH ISLAND,0,0
3256,AL REEM ISLAND,0,0
3257,AL REEM ISLAND,0,0
3258,AL REEM ISLAND,0,0
3259,AL REEM ISLAND,0,0
3260,AL REEM ISLAND,0,0
3261,AL REEM ISLAND,0,0
3262,AL REEM ISLAND,0,0
3263,AL REEM ISLAND,0,0
3264,AL JUBAIL ISLAND,0,0
3265,AL JUBAIL ISLAND,0,0
3266,AL JUBAIL ISLAND,0,0
3267,AL MARYAH ISLAND,0,0
3268,AL MARYAH ISLAND,0,0
3269,AL MARYAH ISLAND,0,0
3270,AL MARYAH ISLAND,0,0
3271,AL MARYAH ISLAND,0,0
3272,AL MARYAH ISLAND,0,0
3273,AL MARYAH ISLAND,0,0
3274,ZAYED PORT,0,0
3275,ZAYED PORT,0,0
3276,AL RAWDAH,0,0
3277,AL RAWDAH,0,0
3278,AL RAWDAH,0,0
3279,AL RAWDAH,0,0
3280,AL RAWDAH,0,0
3281,AL RAWDAH,0,0
3282,AL RAWDAH,0,0
3283,AL RAWDAH,0,0
3284,AL RAWDAH,0,0
3285,AL RAWDAH,0,0
3286,AL RAWDAH,0,0
3287,KHALIFA CITY,0,0
3288,KHALIFA CITY,0,0
3289,KHALIFA CITY,0,0
3290,KHALIFA CITY,0,0
3291,KHALIFA CITY,0,0
3292,KHALIFA CITY,0,0
3293,KHALIFA CITY,0,0
3294,KHALIFA CITY,0,0
3295,KHALIFA CITY,0,0
3296,KHALIFA CITY,0,0
3297,KHALIFA CITY,0,0
3298,KHALIFA CITY,0,0
3299,KHALIFA CITY,0,0
3300,KHALIFA CITY,0,0
3301,KHALIFA CITY,0,0
3302,KHALIFA CITY,0,0
3303,RAWDAT AL REEF,0,0
3304,RAWDAT AL REEF,0,0
3305,RAWDAT AL REEF,0,0
3306,RAWDAT AL REEF,0,0
3307,RAWDAT AL REEF,0,0
3308,RAWDAT AL REEF,0,0
3309,RAWDAT AL REEF,0,0
3310,RAWDAT AL REEF,0,0
3311,RAWDAT AL REEF,0,0
3312,RAWDAT AL REEF,0,0
3313,RAWDAT AL REEF,0,0
3314,RAWDAT AL REEF,0,0
3315,RAWDAT AL REEF,0,0
3316,RAWDAT AL REEF,0,0
3317,RAWDAT AL REEF,0,0
3318,RAWDAT AL REEF,0,0
3319,RAWDAT AL REEF,0,0
3320,RAWDAT AL REEF,0,0
3321,RAWDAT AL REEF,0,0
3322,RAWDAT AL REEF,0,0
3323,RAWDAT AL REEF,0,0
3324,RAWDAT AL REEF,0,0
3325,RAWDAT AL REEF,0,0
3326,RAWDAT AL REEF,0,0
3327,RAWDAT AL REEF,0,0
3328,RAWDAT AL REEF,0,0
3329,RAWDAT AL REEF,0,0
3330,RAWDAT AL REEF,0,0
3331,RAWDAT AL REEF,0,0
3347,KHALIFA INDUSTRIAL,0,0
3348,KHALIFA INDUSTRIAL,0,0
3349,KHALIFA INDUSTRIAL,0,0
3350,KHALIFA INDUSTRIAL,0,0
3351,KHALIFA INDUSTRIAL,0,0
3352,KHALIFA INDUSTRIAL,0,0
3353,KHALIFA INDUSTRIAL,0,0
3354,KHALIFA INDUSTRIAL,0,0
3355,KHALIFA INDUSTRIAL,0,0
3356,KHALIFA INDUSTRIAL,0,0
3357,KHALIFA INDUSTRIAL,0,0
3358,KHALIFA INDUSTRIAL,0,0
3359,KHALIFA INDUSTRIAL,0,0
3360,KHALIFA INDUSTRIAL,0,0
3361,KHALIFA INDUSTRIAL,0,0
3362,KHALIFA INDUSTRIAL,0,0
3363,KHALIFA INDUSTRIAL,0,0
3364,KHALIFA INDUSTRIAL,0,0
3365,KHALIFA INDUSTRIAL,0,0
3366,KHALIFA INDUSTRIAL,0,0
3367,KHALIFA INDUSTRIAL,0,0
3368,KHALIFA INDUSTRIAL,0,0
3369,KHALIFA INDUSTRIAL,0,0
3370,KHALIFA INDUSTRIAL,0,0
3371,KHALIFA INDUSTRIAL,0,0
3372,KHALIFA INDUSTRIAL,0,0
3373,KHALIFA INDUSTRIAL,0,0
3374,KHALIFA INDUSTRIAL,0,0
3375,KHALIFA INDUSTRIAL,0,0
3376,KHALIFA INDUSTRIAL,0,37643.66667
3377,KHALIFA INDUSTRIAL,0,0
3378,KHALIFA INDUSTRIAL,0,0
3379,KHALIFA INDUSTRIAL,0,0
3380,KHALIFA INDUSTRIAL,0,0
3381,KHALIFA INDUSTRIAL,0,0
3382,KHALIFA INDUSTRIAL,0,37643.66667
3383,KHALIFA INDUSTRIAL,0,0
3384,KHALIFA INDUSTRIAL,0,0
3385,KHALIFA INDUSTRIAL,0,0
3386,KHALIFA INDUSTRIAL,0,0
3387,KHALIFA INDUSTRIAL,0,0
3388,KHALIFA INDUSTRIAL,0,0
3389,KHALIFA INDUSTRIAL,0,0
3390,KHALIFA INDUSTRIAL,0,0
3391,KHALIFA INDUSTRIAL,0,0
3392,KHALIFA INDUSTRIAL,0,0
3393,KHALIFA INDUSTRIAL,0,0
3394,KHALIFA INDUSTRIAL,0,0
3395,KHALIFA INDUSTRIAL,0,0
3396,KHALIFA INDUSTRIAL,0,0
3397,AL NAHDAH,0,0
3398,AL NAHDAH,0,0
3399,AL NAHDAH,0,0
3400,AL NAHDAH,0,0
3401,AL NAHDAH,0,0
3402,AL NAHDAH,0,0
3403,AL NAHDAH,0,0
3404,AL NAHDAH,0,0
3405,AL NAHDAH,0,0
3406,AL NAHDAH,0,0
3407,AL NAHDAH,0,0
3408,AL NAHDAH,0,0
3409,AL NAHDAH,0,0
3410,AL NAHDAH,0,0
3411,AL NAHDAH,0,0
3412,AL NAHDAH,0,0
3413,AL NAHDAH,0,0
3414,AL NAHDAH,0,0
3415,AL NAHDAH,0,0
3416,AL NAHDAH,0,0
3417,AL NAHDAH,0,0
3418,AL NAHDAH,0,0
3419,AL NAHDAH,0,0
3420,AL NAHDAH,0,0
3421,AL NAHDAH,0,0
3422,AL NAHDAH,0,0
3423,AL NAHDAH,0,0
3424,AL NAHDAH,0,0
3425,AL NAHDAH,0,0
3426,AL NAHDAH,0,0
3427,AL NAHDAH,0,0
3428,AL NAHDAH,0,0
3429,AL NAHDAH,0,0
3430,AL NAHDAH,0,0
3431,AL NAHDAH,0,0
3432,AL NAHDAH,0,0
3433,AL NAHDAH,0,0
3434,AL NAHDAH,0,0
3435,AL NAHDAH,0,0
3436,AL NAHDAH,0,0
3437,AL NAHDAH,0,0
3438,AL NAHDAH,0,0
3439,AL NAHDAH,0,0
3440,AL NAHDAH,0,0
3441,AL NAHDAH,0,0
3442,AL NAHDAH,0,0
3443,AL NAHDAH,0,0
3444,AL NAHDAH,0,0
3445,AL NAHDAH,0,0
3446,AL WATHBAH,0,0
3447,AL WATHBAH,0,0
3448,AL NAHDAH,0,0
3449,AL NAHDAH,0,0
3450,AL HIDAYRIYYAT,0,0
3451,AL HIDAYRIYYAT,0,0
3452,AL HIDAYRIYYAT,0,0
3453,AL HIDAYRIYYAT,0,0
3454,AL HIDAYRIYYAT,0,0
3455,AL HIDAYRIYYAT,0,0
3456,AL HIDAYRIYYAT,0,0
3457,AL HIDAYRIYYAT,0,0
3458,AL HIDAYRIYYAT,0,0
3459,AL HIDAYRIYYAT,0,0
3460,AL HIDAYRIYYAT,0,0
3461,AL HIDAYRIYYAT,0,0
3462,AL HIDAYRIYYAT,0,0
3463,AL HIDAYRIYYAT,0,0
3464,AL HIDAYRIYYAT,0,0
3465,AL HIDAYRIYYAT,0,0
3466,AL HIDAYRIYYAT,0,0
3467,ABU DHABI INDUSTRIAL CITY,0,0
3468,ABU DHABI INDUSTRIAL CITY,0,0
3469,ABU DHABI INDUSTRIAL CITY,0,0
3470,ABU DHABI INDUSTRIAL CITY,0,0
3471,ABU DHABI INDUSTRIAL CITY,0,0
3472,ABU DHABI INDUSTRIAL CITY,0,0
3473,ABU DHABI INDUSTRIAL CITY,0,0
3474,ABU DHABI INDUSTRIAL CITY,0,0
3475,ABU DHABI INDUSTRIAL CITY,0,0
3476,ABU DHABI INDUSTRIAL CITY,0,0
3477,QIRQISHAN,0,0
3478,ABU DHABI ISLANDS,0,0
3479,AL MIHSINAH,0,0
3480,ABU AL HABL ISLAND,0,0
3481,BU NIYAYDAH,0,0
